trial_id,start_time,stop_time,trial_length,initial_image,change_image,is_change,is_go,is_catch,change_time,response_time,reward_time,reward_volume,hit,miss,false_alarm,correct_rejection,aborted,auto_rewarded,response_lick,correct,outcome,reaction_time
0,24.22889,25.2958,1.06691,im104_r,im104_r,0,0,0,,,,0.0,0,0,0,0,1,0,0,0,aborted,
1,25.72924,33.75312,8.023880000000002,im104_r,im111_r,1,0,0,29.4827,30.16593,29.63331,0.005,0,0,0,0,0,1,0,0,other,0.6832299999999982
2,33.98595,36.28803,2.3020799999999966,im111_r,im111_r,0,0,0,,,,0.0,0,0,0,0,1,0,0,0,aborted,
3,36.98854,39.35721,2.3686700000000016,im111_r,im111_r,0,0,0,,,,0.0,0,0,0,0,1,0,0,0,aborted,
4,39.99117,42.92679,2.93562,im111_r,im111_r,0,0,0,,,,0.0,0,0,0,0,1,0,0,0,aborted,
5,42.99359,44.37799,1.3843999999999994,im111_r,im111_r,0,0,0,,,,0.0,0,0,0,0,1,0,0,0,aborted,
6,44.49516,51.76799,7.272829999999999,im111_r,im034_r,1,0,0,47.49779,48.114,47.64801,0.005,0,0,0,0,0,1,0,0,other,0.6162099999999953
7,52.00123,56.48824,4.487009999999998,im034_r,im034_r,0,0,0,,,,0.0,0,0,0,0,1,0,0,0,aborted,
8,56.50478,60.97517,4.470390000000002,im034_r,im034_r,0,0,0,,,,0.0,0,0,0,0,1,0,0,0,aborted,
9,61.00846,62.86023,1.851770000000002,im034_r,im034_r,0,0,0,,,,0.0,0,0,0,0,1,0,0,0,aborted,
10,63.26086,72.78517,9.524309999999993,im034_r,im005_r,1,0,0,68.51526,69.36531,68.66594,0.005,0,0,0,0,0,1,0,0,other,0.850049999999996
11,73.01848,80.29158,7.2730999999999995,im005_r,im083_r,1,1,0,76.02144,76.72235,76.72235,0.003,1,0,0,0,0,0,1,1,hit,0.7009100000000075
12,80.52507,81.62586,1.1007900000000035,im083_r,im083_r,0,0,0,,,,0.0,0,0,0,0,1,0,0,0,aborted,
13,82.02616,83.87786,1.851699999999994,im083_r,im083_r,0,0,0,,,,0.0,0,0,0,0,1,0,0,0,aborted,
14,84.27823,91.55085,7.272620000000003,im083_r,im104_r,1,1,0,87.28099,87.66499,87.66499,0.003,1,0,0,0,0,0,1,1,hit,0.38400000000000034
15,91.78406,99.8082,8.024140000000003,im104_r,im005_r,1,1,0,95.53784,96.10498,96.10498,0.003,1,0,0,0,0,0,1,1,hit,0.5671399999999949
16,100.04128,101.90942,1.8681399999999968,im005_r,im005_r,0,0,0,,,,0.0,0,0,0,0,1,0,0,0,aborted,
17,102.2942,102.61028,0.3160799999999995,im005_r,im005_r,0,0,0,,,,0.0,0,0,0,0,1,0,0,0,aborted,
18,103.04368,110.31646,7.272780000000012,im005_r,im087_r,1,1,0,106.04652,106.6139,106.6139,0.003,1,0,0,0,0,0,1,1,hit,0.56738
19,110.54981,113.00203,2.452220000000011,im087_r,im087_r,0,0,0,,,,0.0,0,0,0,0,1,0,0,0,aborted,
20,113.55257,120.82525,7.272679999999994,im087_r,im087_r,0,0,1,116.555,116.93836,,0.0,0,0,1,0,0,0,1,0,false_alarm,0.38335999999999615
21,121.05854,122.50999,1.4514500000000083,im087_r,im087_r,0,0,0,,,,0.0,0,0,0,0,1,0,0,0,aborted,
22,122.56019,129.83279,7.272599999999983,im087_r,im024_r,1,1,0,125.56272,125.94659,125.94659,0.003,1,0,0,0,0,0,1,1,hit,0.3838700000000017
23,130.06601,132.33509,2.2690800000000024,im024_r,im024_r,0,0,0,,,,0.0,0,0,0,0,1,0,0,0,aborted,
24,133.06918,134.46997,1.4007900000000006,im024_r,im024_r,0,0,0,,,,0.0,0,0,0,0,1,0,0,0,aborted,
25,134.57001,137.02247,2.452460000000002,im024_r,im024_r,0,0,0,,,,0.0,0,0,0,0,1,0,0,0,aborted,
26,137.57285,139.10714,1.5342899999999986,im024_r,im024_r,0,0,0,,,,0.0,0,0,0,0,1,0,0,0,aborted,
27,139.82447,141.49255,1.6680800000000033,im024_r,im024_r,0,0,0,,,,0.0,0,0,0,0,1,0,0,0,aborted,
28,142.07628,149.33259,7.256310000000013,im024_r,im111_r,1,1,0,145.07919,145.56332,145.56332,0.003,1,0,0,0,0,0,1,1,hit,0.4841299999999933
29,149.58244,151.20092,1.6184800000000052,im111_r,im111_r,0,0,0,,,,0.0,0,0,0,0,1,0,0,0,aborted,
30,151.85153,153.26926,1.417730000000006,im111_r,im111_r,0,0,0,,,,0.0,0,0,0,0,1,0,0,0,aborted,
31,153.35225,158.6735,5.321249999999992,im111_r,im111_r,0,0,0,,,,0.0,0,0,0,0,1,0,0,0,aborted,
32,159.35734,163.86143,4.504090000000019,im111_r,im111_r,0,0,0,,,,0.0,0,0,0,0,1,0,0,0,aborted,
33,163.86143,165.91291,2.051479999999998,im111_r,im111_r,0,0,0,,,,0.0,0,0,0,0,1,0,0,0,aborted,
34,166.11298,175.63774,9.524760000000015,im111_r,im087_r,1,1,0,171.36784,172.4012,,0.0,0,1,0,0,0,0,0,0,miss,1.0333599999999876
35,175.87095,183.89479,8.023840000000007,im087_r,im104_r,1,1,0,179.62481,180.62478,,0.0,0,1,0,0,0,0,0,0,miss,0.9999699999999905
36,184.12778,192.90219,8.774409999999989,im104_r,im083_r,1,1,0,188.63245,189.06539,189.08272,0.003,1,0,0,0,0,0,1,1,hit,0.4329400000000021
37,193.13561,195.32088,2.1852699999999743,im083_r,im083_r,0,0,0,,,,0.0,0,0,0,0,1,0,0,0,aborted,
38,195.38748,202.66024,7.272759999999977,im083_r,im083_r,0,0,1,198.39002,200.95849,,0.0,0,0,0,1,0,0,0,1,correct_rejection,2.568470000000019
39,202.89374,204.6118,1.71805999999998,im083_r,im083_r,0,0,0,,,,0.0,0,0,0,0,1,0,0,0,aborted,
40,205.14559,213.18588,8.040289999999999,im083_r,im005_r,1,1,0,208.89917,209.54991,209.54991,0.003,1,0,0,0,0,0,1,1,hit,0.6507400000000132
41,213.40237,215.17081,1.7684399999999982,im005_r,im005_r,0,0,0,,,,0.0,0,0,0,0,1,0,0,0,aborted,
42,215.65444,217.85651,2.202069999999992,im005_r,im005_r,0,0,0,,,,0.0,0,0,0,0,1,0,0,0,aborted,
43,217.90623,221.60933,3.7031000000000063,im005_r,im005_r,0,0,0,,,,0.0,0,0,0,0,1,0,0,0,aborted,
44,221.65968,225.4129,3.753219999999999,im005_r,im005_r,0,0,0,,,,0.0,0,0,0,0,1,0,0,0,aborted,
45,225.4129,236.43848,11.02557999999999,im005_r,im104_r,1,1,0,232.16852,232.58566,232.58566,0.003,1,0,0,0,0,0,1,1,hit,0.4171399999999892
46,236.67176,237.973,1.301240000000007,im104_r,im104_r,0,0,0,,,,0.0,0,0,0,0,1,0,0,0,aborted,
47,238.17315,240.57542,2.4022700000000157,im104_r,im104_r,0,0,0,,,,0.0,0,0,0,0,1,0,0,0,aborted,
48,241.19271,243.44494,2.2522299999999973,im104_r,im104_r,0,0,0,,,,0.0,0,0,0,0,1,0,0,0,aborted,
49,243.44494,243.81125,0.3663099999999986,im104_r,im104_r,0,0,0,,,,0.0,0,0,0,0,1,0,0,0,aborted,
50,244.19486,251.46778,7.272919999999999,im104_r,im024_r,1,1,0,247.19771,247.61483,247.61483,0.003,1,0,0,0,0,0,1,1,hit,0.41712000000001126
51,251.70097,254.98734,3.2863699999999767,im024_r,im024_r,0,0,0,,,,0.0,0,0,0,0,1,0,0,0,aborted,
52,255.48729,258.37324,2.8859500000000082,im024_r,im024_r,0,0,0,,,,0.0,0,0,0,0,1,0,0,0,aborted,
53,258.47367,265.76306,7.289389999999969,im024_r,im024_r,0,0,1,261.47642,264.8783,,0.0,0,0,0,1,0,0,0,1,correct_rejection,3.4018800000000056
54,265.97958,273.25267,7.273090000000025,im024_r,im114_r,1,1,0,268.98261,269.06516,269.43318,0.003,1,0,0,0,0,0,1,1,hit,0.08254999999996926
55,273.50253,274.97062,1.4680900000000179,im114_r,im114_r,0,0,0,,,,0.0,0,0,0,0,1,0,0,0,aborted,
56,275.00413,278.30666,3.302530000000047,im114_r,im114_r,0,0,0,,,,0.0,0,0,0,0,1,0,0,0,aborted,
57,278.75702,286.78053,8.023509999999987,im114_r,im111_r,1,1,0,282.51055,283.11156,283.11156,0.003,1,0,0,0,0,0,1,1,hit,0.6010099999999738
58,287.01384,290.16708,3.1532399999999825,im111_r,im111_r,0,0,0,,,,0.0,0,0,0,0,1,0,0,0,aborted,
59,290.76712,298.04021,7.273090000000025,im111_r,im111_r,0,0,1,293.76947,294.92003,,0.0,0,0,0,1,0,0,0,1,correct_rejection,1.1505599999999845
60,298.2732,301.39268,3.11948000000001,im111_r,im111_r,0,0,0,,,,0.0,0,0,0,0,1,0,0,0,aborted,
61,302.02662,305.42966,3.4030400000000327,im111_r,im111_r,0,0,0,,,,0.0,0,0,0,0,1,0,0,0,aborted,
62,305.77967,313.06912,7.289449999999988,im111_r,im005_r,1,1,0,308.79929,310.79994,,0.0,0,1,0,0,0,0,0,0,miss,2.0006500000000074
63,313.30235,314.97067,1.6683199999999943,im005_r,im005_r,0,0,0,,,,0.0,0,0,0,0,1,0,0,0,aborted,
64,315.55453,322.74403,7.1895000000000095,im005_r,im005_r,0,0,0,,,,0.0,0,0,0,0,1,0,0,0,aborted,
65,323.06085,334.83738,11.77652999999998,im005_r,im005_r,0,0,1,330.56692,,,0.0,0,0,0,1,0,0,0,1,correct_rejection,
66,335.07057,335.75462,0.6840500000000134,im005_r,im005_r,0,0,0,,,,0.0,0,0,0,0,1,0,0,0,aborted,
67,335.82136,343.09419,7.272829999999999,im005_r,im024_r,1,1,0,338.82431,339.74087,,0.0,0,1,0,0,0,0,0,0,miss,0.9165599999999472
68,343.32744,350.60054,7.2730999999999995,im024_r,im005_r,1,1,0,346.33081,346.98051,346.99797,0.003,1,0,0,0,0,0,1,1,hit,0.6496999999999957
69,350.83378,353.36939,2.5356100000000197,im005_r,im005_r,0,0,0,,,,0.0,0,0,0,0,1,0,0,0,aborted,
70,353.83638,357.85666,4.020279999999957,im005_r,im005_r,0,0,0,,,,0.0,0,0,0,0,1,0,0,0,aborted,
71,358.34029,366.36383,8.023540000000025,im005_r,im111_r,1,1,0,362.09374,362.67767,362.67767,0.003,1,0,0,0,0,0,1,1,hit,0.5839299999999525
72,366.5969,370.35107,3.754169999999988,im111_r,im111_r,0,0,0,,,,0.0,0,0,0,0,1,0,0,0,aborted,
73,370.35107,370.83405,0.48297999999999774,im111_r,im111_r,0,0,0,,,,0.0,0,0,0,0,1,0,0,0,aborted,
74,371.10096,379.12429,8.023329999999987,im111_r,im104_r,1,1,0,374.8543,,,0.0,0,1,0,0,0,0,0,0,miss,
75,379.35794,380.07504,0.7171000000000163,im104_r,im104_r,0,0,0,,,,0.0,0,0,0,0,1,0,0,0,aborted,
76,380.10871,387.38152,7.2728100000000495,im104_r,im087_r,1,1,0,383.1112,385.66248,,0.0,0,1,0,0,0,0,0,0,miss,2.5512800000000198
77,387.61481,389.26614,1.65133000000003,im087_r,im087_r,0,0,0,,,,0.0,0,0,0,0,1,0,0,0,aborted,
78,389.86647,393.11938,3.2529099999999858,im087_r,im087_r,0,0,0,,,,0.0,0,0,0,0,1,0,0,0,aborted,
79,393.61973,395.87236,2.2526300000000106,im087_r,im087_r,0,0,0,,,,0.0,0,0,0,0,1,0,0,0,aborted,
80,395.87236,400.62552,4.75315999999998,im087_r,im087_r,0,0,0,,,,0.0,0,0,0,0,1,0,0,0,aborted,
81,401.14282,403.56133,2.418510000000026,im087_r,im087_r,0,0,0,,,,0.0,0,0,0,0,1,0,0,0,aborted,
82,404.14517,409.48302,5.337850000000003,im087_r,im087_r,0,0,0,,,,0.0,0,0,0,0,1,0,0,0,aborted,
83,410.15028,417.42305,7.27276999999998,im087_r,im114_r,1,1,0,413.15315,413.72045,413.72045,0.003,1,0,0,0,0,0,1,1,hit,0.5673000000000457
84,417.65621,421.39284,3.736629999999991,im114_r,im114_r,0,0,0,,,,0.0,0,0,0,0,1,0,0,0,aborted,
85,421.40957,424.41272,3.003150000000005,im114_r,im114_r,0,0,0,,,,0.0,0,0,0,0,1,0,0,0,aborted,
86,424.41272,425.37971,0.9669900000000098,im114_r,im114_r,0,0,0,,,,0.0,0,0,0,0,1,0,0,0,aborted,
87,425.91336,427.4982,1.5848399999999856,im114_r,im114_r,0,0,0,,,,0.0,0,0,0,0,1,0,0,0,aborted,
88,428.16521,430.31691,2.1517000000000053,im114_r,im114_r,0,0,0,,,,0.0,0,0,0,0,1,0,0,0,aborted,
89,430.41707,438.42401,8.006939999999986,im114_r,im114_r,0,0,1,434.16965,,,0.0,0,0,0,1,0,0,0,1,correct_rejection,
90,438.67378,446.6974,8.023619999999994,im114_r,im087_r,1,1,0,442.42747,444.76194,,0.0,0,1,0,0,0,0,0,0,miss,2.3344699999999534
91,446.93069,455.68837,8.757679999999993,im087_r,im034_r,1,1,0,451.4353,,,0.0,0,1,0,0,0,0,0,0,miss,
92,455.93868,457.4401,1.501419999999996,im034_r,im034_r,0,0,0,,,,0.0,0,0,0,0,1,0,0,0,aborted,
93,457.4401,465.46314,8.023040000000037,im034_r,im087_r,1,1,0,461.19304,463.04381,,0.0,0,1,0,0,0,0,0,0,miss,1.8507700000000114
94,465.69642,472.95268,7.2562599999999975,im087_r,im005_r,1,1,0,468.6994,469.13329,469.13329,0.003,1,0,0,0,0,0,1,1,hit,0.4338899999999626
95,473.20265,475.25455,2.051899999999989,im005_r,im005_r,0,0,0,,,,0.0,0,0,0,0,1,0,0,0,aborted,
96,475.45482,479.39148,3.9366600000000176,im005_r,im005_r,0,0,0,,,,0.0,0,0,0,0,1,0,0,0,aborted,
97,479.95847,482.89429,2.935820000000035,im005_r,im005_r,0,0,0,,,,0.0,0,0,0,0,1,0,0,0,aborted,
98,482.96093,486.01351,3.0525799999999776,im005_r,im005_r,0,0,0,,,,0.0,0,0,0,0,1,0,0,0,aborted,
99,486.71431,494.73759,8.02328,im005_r,im114_r,1,1,0,490.46765,490.885,490.885,0.003,1,0,0,0,0,0,1,1,hit,0.417349999999999
100,494.97072,497.32298,2.352260000000001,im114_r,im114_r,0,0,0,,,,0.0,0,0,0,0,1,0,0,0,aborted,
101,497.97355,502.21043,4.236879999999985,im114_r,im114_r,0,0,0,,,,0.0,0,0,0,0,1,0,0,0,aborted,
102,502.47734,511.25137,8.774029999999982,im114_r,im034_r,1,1,0,506.98164,507.53233,507.53233,0.003,1,0,0,0,0,0,1,1,hit,0.5506899999999746
103,511.48465,512.63581,1.1511600000000044,im034_r,im034_r,0,0,0,,,,0.0,0,0,0,0,1,0,0,0,aborted,
104,512.98608,516.05532,3.069240000000036,im034_r,im034_r,0,0,0,,,,0.0,0,0,0,0,1,0,0,0,aborted,
105,516.73921,518.32423,1.5850199999999859,im034_r,im034_r,0,0,0,,,,0.0,0,0,0,0,1,0,0,0,aborted,
106,518.99127,522.87764,3.8863700000000563,im034_r,im034_r,0,0,0,,,,0.0,0,0,0,0,1,0,0,0,aborted,
107,523.4949,532.26917,8.774270000000001,im034_r,im114_r,1,1,0,527.99884,528.41626,528.41626,0.003,1,0,0,0,0,0,1,1,hit,0.4174199999999928
108,532.50224,540.52586,8.023619999999937,im114_r,im024_r,1,1,0,536.25618,536.62303,536.62303,0.003,1,0,0,0,0,0,1,1,hit,0.36684999999999945
109,540.75912,541.15946,0.40033999999991465,im024_r,im024_r,0,0,0,,,,0.0,0,0,0,0,1,0,0,0,aborted,
110,541.51048,544.86273,3.3522500000000264,im024_r,im024_r,0,0,0,,,,0.0,0,0,0,0,1,0,0,0,aborted,
111,545.263,548.98286,3.719859999999926,im024_r,im024_r,0,0,0,,,,0.0,0,0,0,0,1,0,0,0,aborted,
112,549.01608,552.90304,3.8869600000000446,im024_r,im024_r,0,0,0,,,,0.0,0,0,0,0,1,0,0,0,aborted,
113,553.51992,555.0713,1.5513799999999947,im024_r,im024_r,0,0,0,,,,0.0,0,0,0,0,1,0,0,0,aborted,
114,555.77185,563.79522,8.02337,im024_r,im034_r,1,1,0,559.52548,559.89283,559.89283,0.003,1,0,0,0,0,0,1,1,hit,0.36734999999998763
115,564.02859,566.21376,2.185169999999971,im034_r,im034_r,0,0,0,,,,0.0,0,0,0,0,1,0,0,0,aborted,
116,566.28057,567.81524,1.5346700000000055,im034_r,im034_r,0,0,0,,,,0.0,0,0,0,0,1,0,0,0,aborted,
117,568.53267,575.80543,7.272759999999948,im034_r,im111_r,1,1,0,571.53534,572.61872,,0.0,0,1,0,0,0,0,0,0,miss,1.0833800000000338
118,576.03858,580.75935,4.720770000000016,im111_r,im111_r,0,0,0,,,,0.0,0,0,0,0,1,0,0,0,aborted,
119,581.29326,582.81105,1.5177899999999909,im111_r,im111_r,0,0,0,,,,0.0,0,0,0,0,1,0,0,0,aborted,
120,583.54543,592.31906,8.773630000000026,im111_r,im083_r,1,1,0,588.0493,588.46675,588.46675,0.003,1,0,0,0,0,0,1,1,hit,0.41745000000003074
121,592.55245,594.03596,1.4835100000000239,im083_r,im083_r,0,0,0,,,,0.0,0,0,0,0,1,0,0,0,aborted,
122,594.05413,601.31195,7.257820000000038,im083_r,im034_r,1,1,0,597.05658,597.44045,597.44045,0.003,1,0,0,0,0,0,1,1,hit,0.3838700000000017
123,601.55983,603.3466,1.7867699999999331,im034_r,im034_r,0,0,0,,,,0.0,0,0,0,0,1,0,0,0,aborted,
124,603.81401,606.9832,3.1691899999999578,im034_r,im034_r,0,0,0,,,,0.0,0,0,0,0,1,0,0,0,aborted,
125,607.56727,614.83992,7.272649999999999,im034_r,im083_r,1,1,0,610.56994,610.92105,610.92105,0.003,1,0,0,0,0,0,1,1,hit,0.3511100000000624
126,615.07111,618.00916,2.9380499999999756,im083_r,im083_r,0,0,0,,,,0.0,0,0,0,0,1,0,0,0,aborted,
127,618.07591,625.34859,7.272679999999923,im083_r,im087_r,1,1,0,621.07861,621.4264,621.44593,0.003,1,0,0,0,0,0,1,1,hit,0.3477899999999181
128,625.58025,627.0844,1.5041499999999814,im087_r,im087_r,0,0,0,,,,0.0,0,0,0,0,1,0,0,0,aborted,
129,627.0844,631.0026,3.91820000000007,im087_r,im087_r,0,0,0,,,,0.0,0,0,0,0,1,0,0,0,aborted,
130,631.58634,634.95607,3.369730000000004,im087_r,im087_r,0,0,0,,,,0.0,0,0,0,0,1,0,0,0,aborted,
131,635.33962,643.36303,8.023410000000013,im087_r,im083_r,1,1,0,639.09304,639.46041,639.46041,0.003,1,0,0,0,0,0,1,1,hit,0.3673700000000508
132,643.59541,645.64807,2.052659999999946,im083_r,im083_r,0,0,0,,,,0.0,0,0,0,0,1,0,0,0,aborted,
133,645.84842,646.96605,1.1176299999999628,im083_r,im083_r,0,0,0,,,,0.0,0,0,0,0,1,0,0,0,aborted,
134,647.34958,649.36789,2.0183100000000422,im083_r,im083_r,0,0,0,,,,0.0,0,0,0,0,1,0,0,0,aborted,
135,649.60135,650.63592,1.0345700000000306,im083_r,im083_r,0,0,0,,,,0.0,0,0,0,0,1,0,0,0,aborted,
136,651.10283,652.12049,1.017659999999978,im083_r,im083_r,0,0,0,,,,0.0,0,0,0,0,1,0,0,0,aborted,
137,652.60397,653.53846,0.9344899999999825,im083_r,im083_r,0,0,0,,,,0.0,0,0,0,0,1,0,0,0,aborted,
138,654.10374,655.67335,1.5696100000000115,im083_r,im083_r,0,0,0,,,,0.0,0,0,0,0,1,0,0,0,aborted,
139,656.35734,656.85757,0.5002299999999877,im083_r,im083_r,0,0,0,,,,0.0,0,0,0,0,1,0,0,0,aborted,
140,657.10778,658.17541,1.0676300000000083,im083_r,im083_r,0,0,0,,,,0.0,0,0,0,0,1,0,0,0,aborted,
141,658.60895,658.95922,0.3502699999999095,im083_r,im083_r,0,0,0,,,,0.0,0,0,0,0,1,0,0,0,aborted,
142,659.36246,660.2437,0.8812399999999343,im083_r,im083_r,0,0,0,,,,0.0,0,0,0,0,1,0,0,0,aborted,
143,660.861,662.59586,1.734860000000026,im083_r,im083_r,0,0,0,,,,0.0,0,0,0,0,1,0,0,0,aborted,
144,663.11123,664.44739,1.3361600000000635,im083_r,im083_r,0,0,0,,,,0.0,0,0,0,0,1,0,0,0,aborted,
145,664.61388,665.44821,0.8343300000000227,im083_r,im083_r,0,0,0,,,,0.0,0,0,0,0,1,0,0,0,aborted,
146,666.11549,666.7156,0.6001099999999724,im083_r,im083_r,0,0,0,,,,0.0,0,0,0,0,1,0,0,0,aborted,
147,666.8659,667.49974,0.6338399999999638,im083_r,im083_r,0,0,0,,,,0.0,0,0,0,0,1,0,0,0,aborted,
148,667.61643,668.53396,0.9175299999999424,im083_r,im083_r,0,0,0,,,,0.0,0,0,0,0,1,0,0,0,aborted,
149,669.11782,669.91846,0.8006399999999303,im083_r,im083_r,0,0,0,,,,0.0,0,0,0,0,1,0,0,0,aborted,
150,670.61789,670.98623,0.36833999999998923,im083_r,im083_r,0,0,0,,,,0.0,0,0,0,0,1,0,0,0,aborted,
151,671.37012,672.62082,1.250699999999938,im083_r,im083_r,0,0,0,,,,0.0,0,0,0,0,1,0,0,0,aborted,
152,672.87125,673.97186,1.1006099999999606,im083_r,im083_r,0,0,0,,,,0.0,0,0,0,0,1,0,0,0,aborted,
153,674.37228,679.09317,4.72088999999994,im083_r,im083_r,0,0,0,,,,0.0,0,0,0,0,1,0,0,0,aborted,
154,679.62682,684.33094,4.704120000000103,im083_r,im083_r,0,0,0,,,,0.0,0,0,0,0,1,0,0,0,aborted,
155,684.88104,689.58515,4.704110000000014,im083_r,im083_r,0,0,0,,,,0.0,0,0,0,0,1,0,0,0,aborted,
156,690.13427,690.53574,0.40147000000001754,im083_r,im083_r,0,0,0,,,,0.0,0,0,0,0,1,0,0,0,aborted,
157,690.88592,692.53734,1.6514199999999164,im083_r,im083_r,0,0,0,,,,0.0,0,0,0,0,1,0,0,0,aborted,
158,693.13788,701.91208,8.77419999999995,im083_r,im114_r,1,1,0,697.64208,698.09277,698.09277,0.003,1,0,0,0,0,0,1,1,hit,0.4506900000000087
159,702.1439,704.54745,2.4035499999999956,im114_r,im114_r,0,0,0,,,,0.0,0,0,0,0,1,0,0,0,aborted,
160,705.14798,708.48407,3.336090000000013,im114_r,im114_r,0,0,0,,,,0.0,0,0,0,0,1,0,0,0,aborted,
161,708.90105,715.12297,6.221919999999955,im114_r,im114_r,0,0,0,,,,0.0,0,0,0,0,1,0,0,0,aborted,
162,715.65687,720.24399,4.587120000000027,im114_r,im114_r,0,0,0,,,,0.0,0,0,0,0,1,0,0,0,aborted,
163,720.91129,723.34671,2.435420000000022,im114_r,im114_r,0,0,0,,,,0.0,0,0,0,0,1,0,0,0,aborted,
164,723.91384,726.16537,2.2515300000000025,im114_r,im114_r,0,0,0,,,,0.0,0,0,0,0,1,0,0,0,aborted,
165,726.18088,733.45501,7.274130000000014,im114_r,im104_r,1,1,0,729.18513,729.61893,729.61893,0.003,1,0,0,0,0,0,1,1,hit,0.4338000000000193
166,733.68707,735.87357,2.1865000000000236,im104_r,im104_r,0,0,0,,,,0.0,0,0,0,0,1,0,0,0,aborted,
167,735.94002,736.87442,0.9343999999999824,im104_r,im104_r,0,0,0,,,,0.0,0,0,0,0,1,0,0,0,aborted,
168,737.44161,738.10879,0.6671800000000303,im104_r,im104_r,0,0,0,,,,0.0,0,0,0,0,1,0,0,0,aborted,
169,738.19197,745.44838,7.2564100000000735,im104_r,im034_r,1,1,0,741.19534,741.56242,741.56242,0.003,1,0,0,0,0,0,1,1,hit,0.3670799999999872
170,745.69691,746.46604,0.7691300000000183,im034_r,im034_r,0,0,0,,,,0.0,0,0,0,0,1,0,0,0,aborted,
171,747.19974,749.61839,2.418649999999957,im034_r,im034_r,0,0,0,,,,0.0,0,0,0,0,1,0,0,0,aborted,
172,750.20259,752.47105,2.2684600000000046,im034_r,im034_r,0,0,0,,,,0.0,0,0,0,0,1,0,0,0,aborted,
173,753.20477,755.62344,2.4186699999999064,im034_r,im034_r,0,0,0,,,,0.0,0,0,0,0,1,0,0,0,aborted,
174,756.20718,759.99376,3.786579999999958,im034_r,im034_r,0,0,0,,,,0.0,0,0,0,0,1,0,0,0,aborted,
175,760.71092,764.49784,3.786920000000009,im034_r,im034_r,0,0,0,,,,0.0,0,0,0,0,1,0,0,0,aborted,
176,765.21337,768.88443,3.6710599999998976,im034_r,im034_r,0,0,0,,,,0.0,0,0,0,0,1,0,0,0,aborted,
177,768.96799,770.96943,2.0014400000000023,im034_r,im034_r,0,0,0,,,,0.0,0,0,0,0,1,0,0,0,aborted,
178,771.21974,772.25395,1.03421000000003,im034_r,im034_r,0,0,0,,,,0.0,0,0,0,0,1,0,0,0,aborted,
179,772.72126,780.7279,8.006639999999948,im034_r,im104_r,1,1,0,776.47549,776.84158,776.84158,0.003,1,0,0,0,0,0,1,1,hit,0.3660899999999856
180,780.97649,783.66387,2.687379999999962,im104_r,im104_r,0,0,0,,,,0.0,0,0,0,0,1,0,0,0,aborted,
181,783.98044,791.25333,7.272889999999961,im104_r,im114_r,1,1,0,786.98329,787.41713,787.41713,0.003,1,0,0,0,0,0,1,1,hit,0.433840000000032
182,791.48544,794.73955,3.2541099999999687,im114_r,im114_r,0,0,0,,,,0.0,0,0,0,0,1,0,0,0,aborted,
183,795.23995,802.51266,7.272709999999961,im114_r,im005_r,1,1,0,798.24299,798.57648,798.57648,0.003,1,0,0,0,0,0,1,1,hit,0.3334899999999834
184,802.74469,810.76958,8.024890000000028,im005_r,im034_r,1,1,0,806.50003,806.85036,806.85036,0.003,1,0,0,0,0,0,1,1,hit,0.3503299999999854
185,811.00154,813.25659,2.255049999999983,im034_r,im034_r,0,0,0,,,,0.0,0,0,0,0,1,0,0,0,aborted,
186,813.25659,816.47429,3.217700000000036,im034_r,im034_r,0,0,0,,,,0.0,0,0,0,0,1,0,0,0,aborted,
187,817.00803,819.89363,2.8856000000000677,im034_r,im034_r,0,0,0,,,,0.0,0,0,0,0,1,0,0,0,aborted,
188,820.01051,828.03401,8.023500000000013,im034_r,im024_r,1,1,0,823.764,824.14779,824.14779,0.003,1,0,0,0,0,0,1,1,hit,0.3837899999999763
189,828.26589,830.66969,2.403799999999933,im024_r,im024_r,0,0,0,,,,0.0,0,0,0,0,1,0,0,0,aborted,
190,831.27013,838.54274,7.272609999999986,im024_r,im083_r,1,1,0,834.27266,834.65664,834.65664,0.003,1,0,0,0,0,0,1,1,hit,0.38398000000006505
191,838.77484,840.29405,1.51920999999993,im083_r,im083_r,0,0,0,,,,0.0,0,0,0,0,1,0,0,0,aborted,
192,841.02834,842.3794,1.351060000000075,im083_r,im083_r,0,0,0,,,,0.0,0,0,0,0,1,0,0,0,aborted,
193,842.5293,846.46606,3.9367599999999356,im083_r,im083_r,0,0,0,,,,0.0,0,0,0,0,1,0,0,0,aborted,
194,847.0334,850.55273,3.519329999999968,im083_r,im083_r,0,0,0,,,,0.0,0,0,0,0,1,0,0,0,aborted,
195,850.78636,861.09499,10.308630000000107,im083_r,im024_r,1,1,0,856.80822,857.30908,857.30908,0.003,1,0,0,0,0,0,1,1,hit,0.5008599999999888
196,861.31013,863.21341,1.9032799999999952,im024_r,im024_r,0,0,0,,,,0.0,0,0,0,0,1,0,0,0,aborted,
197,863.5636,866.51606,2.9524600000000873,im024_r,im024_r,0,0,0,,,,0.0,0,0,0,0,1,0,0,0,aborted,
198,866.56618,869.45209,2.885909999999967,im024_r,im024_r,0,0,0,,,,0.0,0,0,0,0,1,0,0,0,aborted,
199,869.56891,873.22149,3.6525800000000572,im024_r,im024_r,0,0,0,,,,0.0,0,0,0,0,1,0,0,0,aborted,
200,873.32165,881.34528,8.023630000000026,im024_r,im087_r,1,1,0,877.07541,877.49266,877.49266,0.003,1,0,0,0,0,0,1,1,hit,0.41724999999996726
201,881.57723,888.83478,7.2575500000000375,im087_r,im111_r,1,1,0,884.58179,885.31562,885.31562,0.003,1,0,0,0,0,0,1,1,hit,0.7338300000000118
202,889.10013,889.95225,0.8521200000000135,im111_r,im111_r,0,0,0,,,,0.0,0,0,0,0,1,0,0,0,aborted,
203,890.60293,893.73885,3.135919999999942,im111_r,im111_r,0,0,0,,,,0.0,0,0,0,0,1,0,0,0,aborted,
204,894.35603,897.62522,3.2691899999999805,im111_r,im111_r,0,0,0,,,,0.0,0,0,0,0,1,0,0,0,aborted,
205,898.10907,901.21169,3.1026200000000017,im111_r,im111_r,0,0,0,,,,0.0,0,0,0,0,1,0,0,0,aborted,
206,901.86259,903.54697,1.6843800000000329,im111_r,im111_r,0,0,0,,,,0.0,0,0,0,0,1,0,0,0,aborted,
207,904.11421,906.41623,2.302020000000084,im111_r,im111_r,0,0,0,,,,0.0,0,0,0,0,1,0,0,0,aborted,
208,907.1152,911.85401,4.738810000000058,im111_r,im111_r,0,0,0,,,,0.0,0,0,0,0,1,0,0,0,aborted,
209,912.37109,916.57454,4.203449999999975,im111_r,im111_r,0,0,0,,,,0.0,0,0,0,0,1,0,0,0,aborted,
210,916.87465,919.05991,2.185259999999971,im111_r,im111_r,0,0,0,,,,0.0,0,0,0,0,1,0,0,0,aborted,
211,919.12646,921.47897,2.352510000000052,im111_r,im111_r,0,0,0,,,,0.0,0,0,0,0,1,0,0,0,aborted,
212,922.14588,926.54942,4.403540000000021,im111_r,im111_r,0,0,0,,,,0.0,0,0,0,0,1,0,0,0,aborted,
213,926.6499,930.31928,3.6693800000000465,im111_r,im111_r,0,0,0,,,,0.0,0,0,0,0,1,0,0,0,aborted,
214,930.40123,933.63887,3.237639999999942,im111_r,im111_r,0,0,0,,,,0.0,0,0,0,0,1,0,0,0,aborted,
215,934.15595,937.10831,2.9523599999999988,im111_r,im111_r,0,0,0,,,,0.0,0,0,0,0,1,0,0,0,aborted,
216,937.15851,941.02817,3.869660000000067,im111_r,im111_r,0,0,0,,,,0.0,0,0,0,0,1,0,0,0,aborted,
217,941.66229,943.99739,2.3351000000000113,im111_r,im111_r,0,0,0,,,,0.0,0,0,0,0,1,0,0,0,aborted,
218,944.66473,947.10031,2.4355800000000727,im111_r,im111_r,0,0,0,,,,0.0,0,0,0,0,1,0,0,0,aborted,
219,947.66713,951.37028,3.703149999999937,im111_r,im111_r,0,0,0,,,,0.0,0,0,0,0,1,0,0,0,aborted,
220,951.41892,954.9734,3.5544800000000123,im111_r,im111_r,0,0,0,,,,0.0,0,0,0,0,1,0,0,0,aborted,
221,955.17335,958.42624,3.2528899999999794,im111_r,im111_r,0,0,0,,,,0.0,0,0,0,0,1,0,0,0,aborted,
222,958.92651,966.9501,8.023590000000013,im111_r,im114_r,1,1,0,962.68027,963.31416,963.31416,0.003,1,0,0,0,0,0,1,1,hit,0.6338900000000649
223,967.18229,970.13606,2.953770000000077,im114_r,im114_r,0,0,0,,,,0.0,0,0,0,0,1,0,0,0,aborted,
224,970.18601,971.45356,1.2675500000000284,im114_r,im114_r,0,0,0,,,,0.0,0,0,0,0,1,0,0,0,aborted,
225,971.687,974.70668,3.019679999999994,im114_r,im114_r,0,0,0,,,,0.0,0,0,0,0,1,0,0,0,aborted,
226,975.44048,979.21042,3.7699400000000196,im114_r,im114_r,0,0,0,,,,0.0,0,0,0,0,1,0,0,0,aborted,
227,979.94444,987.96764,8.023199999999974,im114_r,im083_r,1,1,0,983.69764,984.13154,984.13154,0.003,1,0,0,0,0,0,1,1,hit,0.4338999999999942
228,988.19948,996.97524,8.775759999999991,im083_r,im111_r,1,1,0,992.7053,992.81974,992.95558,0.003,1,0,0,0,0,0,1,1,hit,0.11444000000005872
229,997.20741,999.37713,2.169719999999984,im111_r,im111_r,0,0,0,,,,0.0,0,0,0,0,1,0,0,0,aborted,
230,999.46059,999.89406,0.43346999999994296,im111_r,im111_r,0,0,0,,,,0.0,0,0,0,0,1,0,0,0,aborted,
231,1000.21105,1002.74673,2.5356799999999566,im111_r,im111_r,0,0,0,,,,0.0,0,0,0,0,1,0,0,0,aborted,
232,1003.21379,1006.24939,3.0355999999999312,im111_r,im111_r,0,0,0,,,,0.0,0,0,0,0,1,0,0,0,aborted,
233,1006.96687,1010.93679,3.969920000000002,im111_r,im111_r,0,0,0,,,,0.0,0,0,0,0,1,0,0,0,aborted,
234,1011.47045,1015.22379,3.75333999999998,im111_r,im111_r,0,0,0,,,,0.0,0,0,0,0,1,0,0,0,aborted,
235,1015.22379,1019.11011,3.886319999999955,im111_r,im111_r,0,0,0,,,,0.0,0,0,0,0,1,0,0,0,aborted,
236,1019.72749,1023.69719,3.969699999999989,im111_r,im111_r,0,0,0,,,,0.0,0,0,0,0,1,0,0,0,aborted,
237,1024.2312,1026.36628,2.1350800000000163,im111_r,im111_r,0,0,0,,,,0.0,0,0,0,0,1,0,0,0,aborted,
238,1026.48298,1028.68477,2.2017900000000736,im111_r,im111_r,0,0,0,,,,0.0,0,0,0,0,1,0,0,0,aborted,
239,1028.73481,1031.00351,2.2687000000000808,im111_r,im111_r,0,0,0,,,,0.0,0,0,0,0,1,0,0,0,aborted,
240,1031.73749,1039.76086,8.023370000000114,im111_r,im024_r,1,1,0,1035.49117,1035.85802,1035.85802,0.003,1,0,0,0,0,0,1,1,hit,0.36684999999988577
241,1039.99281,1042.46301,2.470199999999977,im024_r,im024_r,0,0,0,,,,0.0,0,0,0,0,1,0,0,0,aborted,
242,1042.99707,1046.13287,3.1358000000000175,im024_r,im024_r,0,0,0,,,,0.0,0,0,0,0,1,0,0,0,aborted,
243,1046.7501,1049.6856,2.9355000000000473,im024_r,im024_r,0,0,0,,,,0.0,0,0,0,0,1,0,0,0,aborted,
244,1049.75227,1057.02552,7.273249999999962,im024_r,im104_r,1,1,0,1052.75533,1053.13943,1053.13943,0.003,1,0,0,0,0,0,1,1,hit,0.38409999999998945
245,1057.25731,1061.09514,3.83782999999994,im104_r,im104_r,0,0,0,,,,0.0,0,0,0,0,1,0,0,0,aborted,
246,1061.7626,1065.43213,3.669529999999895,im104_r,im104_r,0,0,0,,,,0.0,0,0,0,0,1,0,0,0,aborted,
247,1065.51541,1069.18526,3.6698499999999967,im104_r,im104_r,0,0,0,,,,0.0,0,0,0,0,1,0,0,0,aborted,
248,1069.26854,1073.22205,3.953510000000051,im104_r,im104_r,0,0,0,,,,0.0,0,0,0,0,1,0,0,0,aborted,
249,1073.77262,1077.69246,3.919840000000022,im104_r,im104_r,0,0,0,,,,0.0,0,0,0,0,1,0,0,0,aborted,
250,1078.27627,1082.69694,4.420669999999973,im104_r,im104_r,0,0,0,,,,0.0,0,0,0,0,1,0,0,0,aborted,
251,1082.77895,1090.82024,8.041290000000117,im104_r,im104_r,0,0,1,1086.54989,1088.39984,,0.0,0,0,0,1,0,0,0,1,correct_rejection,1.8499500000000353
252,1091.05217,1092.50488,1.4527100000000246,im104_r,im104_r,0,0,0,,,,0.0,0,0,0,0,1,0,0,0,aborted,
253,1092.55485,1094.97366,2.4188100000001214,im104_r,im104_r,0,0,0,,,,0.0,0,0,0,0,1,0,0,0,aborted,
254,1095.55743,1099.32716,3.7697299999999814,im104_r,im104_r,0,0,0,,,,0.0,0,0,0,0,1,0,0,0,aborted,
255,1100.06122,1102.44639,2.3851700000000164,im104_r,im104_r,0,0,0,,,,0.0,0,0,0,0,1,0,0,0,aborted,
256,1103.08053,1104.36487,1.2843400000001566,im104_r,im104_r,0,0,0,,,,0.0,0,0,0,0,1,0,0,0,aborted,
257,1104.58151,1109.28571,4.704200000000128,im104_r,im104_r,0,0,0,,,,0.0,0,0,0,0,1,0,0,0,aborted,
258,1109.83455,1117.85978,8.025229999999965,im104_r,im114_r,1,1,0,1113.58967,1114.05679,1114.05679,0.003,1,0,0,0,0,0,1,1,hit,0.46712000000002263
259,1118.09144,1120.8454,2.7539600000000064,im114_r,im114_r,0,0,0,,,,0.0,0,0,0,0,1,0,0,0,aborted,
260,1121.11205,1129.88614,8.774090000000115,im114_r,im024_r,1,1,0,1125.61627,1125.98365,1125.98365,0.003,1,0,0,0,0,0,1,1,hit,0.3673799999999119
261,1130.11807,1131.63747,1.519399999999905,im024_r,im024_r,0,0,0,,,,0.0,0,0,0,0,1,0,0,0,aborted,
262,1132.37166,1135.2574,2.8857399999999416,im024_r,im024_r,0,0,0,,,,0.0,0,0,0,0,1,0,0,0,aborted,
263,1135.37427,1137.34224,1.967969999999923,im024_r,im024_r,0,0,0,,,,0.0,0,0,0,0,1,0,0,0,aborted,
264,1137.62597,1144.89861,7.27263999999991,im024_r,im024_r,0,0,1,1140.62829,1141.71079,,0.0,0,0,0,1,0,0,0,1,correct_rejection,1.0824999999999818
265,1145.13073,1148.90206,3.771329999999807,im024_r,im024_r,0,0,0,,,,0.0,0,0,0,0,1,0,0,0,aborted,
266,1149.63603,1151.73738,2.1013500000001386,im024_r,im024_r,0,0,0,,,,0.0,0,0,0,0,1,0,0,0,aborted,
267,1151.88755,1156.19132,4.303769999999986,im024_r,im024_r,0,0,0,,,,0.0,0,0,0,0,1,0,0,0,aborted,
268,1156.40818,1160.27805,3.8698699999999917,im024_r,im024_r,0,0,0,,,,0.0,0,0,0,0,1,0,0,0,aborted,
269,1160.91192,1165.91612,5.004200000000083,im024_r,im024_r,0,0,0,,,,0.0,0,0,0,0,1,0,0,0,aborted,
270,1166.16629,1167.20056,1.034270000000106,im024_r,im024_r,0,0,0,,,,0.0,0,0,0,0,1,0,0,0,aborted,
271,1167.66626,1176.45839,8.792130000000043,im024_r,im104_r,1,1,0,1172.18867,1172.55547,1172.55547,0.003,1,0,0,0,0,0,1,1,hit,0.366800000000012
272,1176.69031,1179.29405,2.603740000000016,im104_r,im104_r,0,0,0,,,,0.0,0,0,0,0,1,0,0,0,aborted,
273,1179.69455,1186.96723,7.272680000000037,im104_r,im087_r,1,1,0,1182.69727,1183.11432,1183.11432,0.003,1,0,0,0,0,0,1,1,hit,0.41705000000001746
274,1187.19915,1190.2364,3.0372500000000855,im087_r,im087_r,0,0,0,,,,0.0,0,0,0,0,1,0,0,0,aborted,
275,1190.95372,1193.53912,2.585399999999936,im087_r,im087_r,0,0,0,,,,0.0,0,0,0,0,1,0,0,0,aborted,
276,1193.95614,1201.22914,7.272999999999911,im087_r,im083_r,1,1,0,1196.95913,1197.3101,1197.3101,0.003,1,0,0,0,0,0,1,1,hit,0.35096999999996115
277,1201.4613,1202.61346,1.1521600000000944,im083_r,im083_r,0,0,0,,,,0.0,0,0,0,0,1,0,0,0,aborted,
278,1202.96392,1206.45007,3.4861500000001797,im083_r,im083_r,0,0,0,,,,0.0,0,0,0,0,1,0,0,0,aborted,
279,1206.7337,1207.43426,0.7005599999999959,im083_r,im083_r,0,0,0,,,,0.0,0,0,0,0,1,0,0,0,aborted,
280,1207.48423,1214.75717,7.272940000000062,im083_r,im083_r,0,0,1,1210.48665,1212.33641,,0.0,0,0,0,1,0,0,0,1,correct_rejection,1.8497599999998329
281,1214.98934,1217.64285,2.6535099999998693,im083_r,im083_r,0,0,0,,,,0.0,0,0,0,0,1,0,0,0,aborted,
282,1217.99305,1226.01646,8.023410000000013,im083_r,im005_r,1,1,0,1221.74646,1221.87777,1222.04707,0.003,1,0,0,0,0,0,1,1,hit,0.13130999999998494
283,1226.24836,1233.53974,7.29137999999989,im005_r,im104_r,1,1,0,1229.25279,1229.5705,1229.5705,0.003,1,0,0,0,0,0,1,1,hit,0.3177100000000337
284,1233.75472,1236.49183,2.7371100000000297,im104_r,im104_r,0,0,0,,,,0.0,0,0,0,0,1,0,0,0,aborted,
285,1236.75869,1244.01489,7.256200000000035,im104_r,im005_r,1,1,0,1239.76144,1240.12865,1240.12865,0.003,1,0,0,0,0,0,1,1,hit,0.3672100000001137
286,1244.26354,1247.33431,3.0707700000000386,im005_r,im005_r,0,0,0,,,,0.0,0,0,0,0,1,0,0,0,aborted,
287,1248.01848,1250.47024,2.4517600000001494,im005_r,im005_r,0,0,0,,,,0.0,0,0,0,0,1,0,0,0,aborted,
288,1251.02049,1254.20659,3.1860999999998967,im005_r,im005_r,0,0,0,,,,0.0,0,0,0,0,1,0,0,0,aborted,
289,1254.77368,1258.0098,3.236120000000028,im005_r,im005_r,0,0,0,,,,0.0,0,0,0,0,1,0,0,0,aborted,
290,1258.52697,1260.04482,1.5178500000001804,im005_r,im005_r,0,0,0,,,,0.0,0,0,0,0,1,0,0,0,aborted,
291,1260.77897,1262.98045,2.201479999999947,im005_r,im005_r,0,0,0,,,,0.0,0,0,0,0,1,0,0,0,aborted,
292,1263.02949,1268.73547,5.7059800000001815,im005_r,im005_r,0,0,0,,,,0.0,0,0,0,0,1,0,0,0,aborted,
293,1269.03558,1278.54372,9.508139999999912,im005_r,im083_r,1,1,0,1274.29034,1274.79087,1274.79087,0.003,1,0,0,0,0,0,1,1,hit,0.5005300000000261
294,1278.79236,1280.92878,2.1364200000000437,im083_r,im083_r,0,0,0,,,,0.0,0,0,0,0,1,0,0,0,aborted,
295,1281.04589,1282.7472,1.7013099999999213,im083_r,im083_r,0,0,0,,,,0.0,0,0,0,0,1,0,0,0,aborted,
296,1283.29766,1285.46597,2.1683100000000195,im083_r,im083_r,0,0,0,,,,0.0,0,0,0,0,1,0,0,0,aborted,
297,1285.5494,1288.71871,3.169309999999996,im083_r,im083_r,0,0,0,,,,0.0,0,0,0,0,1,0,0,0,aborted,
298,1289.30254,1296.55907,7.256530000000112,im083_r,im034_r,1,1,0,1292.30548,1293.05651,1293.05651,0.003,1,0,0,0,0,0,1,1,hit,0.7510299999999006
299,1296.80769,1299.99493,3.1872399999999743,im034_r,im034_r,0,0,0,,,,0.0,0,0,0,0,1,0,0,0,aborted,
300,1300.56208,1307.83492,7.2728400000000875,im034_r,im104_r,1,1,0,1303.56489,1305.43114,,0.0,0,1,0,0,0,0,0,0,miss,1.866249999999809
301,1308.06706,1309.77008,1.703019999999924,im104_r,im104_r,0,0,0,,,,0.0,0,0,0,0,1,0,0,0,aborted,
302,1310.32014,1311.00415,0.6840099999999438,im104_r,im104_r,0,0,0,,,,0.0,0,0,0,0,1,0,0,0,aborted,
303,1311.07088,1312.02142,0.9505400000000463,im104_r,im104_r,0,0,0,,,,0.0,0,0,0,0,1,0,0,0,aborted,
304,1312.57202,1317.59287,5.020849999999882,im104_r,im104_r,0,0,0,,,,0.0,0,0,0,0,1,0,0,0,aborted,
305,1317.8265,1319.69475,1.8682500000002165,im104_r,im104_r,0,0,0,,,,0.0,0,0,0,0,1,0,0,0,aborted,
306,1320.07817,1321.66304,1.5848699999999099,im104_r,im104_r,0,0,0,,,,0.0,0,0,0,0,1,0,0,0,aborted,
307,1322.32873,1329.60304,7.274310000000014,im104_r,im111_r,1,1,0,1325.33298,1325.60025,1325.60025,0.003,1,0,0,0,0,0,1,1,hit,0.2672700000000532
308,1329.83522,1330.5703,0.7350800000001527,im111_r,im111_r,0,0,0,,,,0.0,0,0,0,0,1,0,0,0,aborted,
309,1330.58691,1331.32087,0.7339600000000246,im111_r,im111_r,0,0,0,,,,0.0,0,0,0,0,1,0,0,0,aborted,
310,1331.33766,1332.1219,0.7842400000001817,im111_r,im111_r,0,0,0,,,,0.0,0,0,0,0,1,0,0,0,aborted,
311,1332.83716,1334.10656,1.269399999999905,im111_r,im111_r,0,0,0,,,,0.0,0,0,0,0,1,0,0,0,aborted,
312,1334.34007,1335.64122,1.301150000000007,im111_r,im111_r,0,0,0,,,,0.0,0,0,0,0,1,0,0,0,aborted,
313,1335.84156,1336.30827,0.4667099999999209,im111_r,im111_r,0,0,0,,,,0.0,0,0,0,0,1,0,0,0,aborted,
314,1336.59057,1337.30946,0.7188899999998739,im111_r,im111_r,0,0,0,,,,0.0,0,0,0,0,1,0,0,0,aborted,
315,1337.34259,1337.69288,0.35029000000008637,im111_r,im111_r,0,0,0,,,,0.0,0,0,0,0,1,0,0,0,aborted,
316,1338.09334,1338.75869,0.6653499999999894,im111_r,im111_r,0,0,0,,,,0.0,0,0,0,0,1,0,0,0,aborted,
317,1338.84378,1340.94611,2.1023300000001655,im111_r,im111_r,0,0,0,,,,0.0,0,0,0,0,1,0,0,0,aborted,
318,1341.09568,1344.28193,3.1862500000002,im111_r,im111_r,0,0,0,,,,0.0,0,0,0,0,1,0,0,0,aborted,
319,1344.84902,1345.59996,0.7509399999999005,im111_r,im111_r,0,0,0,,,,0.0,0,0,0,0,1,0,0,0,aborted,
320,1345.59996,1352.85599,7.25603000000001,im111_r,im024_r,1,1,0,1348.60247,1348.96982,1348.96982,0.003,1,0,0,0,0,0,1,1,hit,0.36734999999998763
321,1353.1044,1355.25769,2.15328999999997,im024_r,im024_r,0,0,0,,,,0.0,0,0,0,0,1,0,0,0,aborted,
322,1355.35787,1357.75973,2.4018599999999424,im024_r,im024_r,0,0,0,,,,0.0,0,0,0,0,1,0,0,0,aborted,
323,1358.36054,1362.78064,4.420100000000048,im024_r,im024_r,0,0,0,,,,0.0,0,0,0,0,1,0,0,0,aborted,
324,1362.86408,1364.29853,1.4344499999999698,im024_r,im024_r,0,0,0,,,,0.0,0,0,0,0,1,0,0,0,aborted,
325,1364.36516,1373.12284,8.757679999999937,im024_r,im114_r,1,1,0,1368.86955,1369.32023,1369.32023,0.003,1,0,0,0,0,0,1,1,hit,0.45068000000014763
326,1373.37134,1378.8443,5.472960000000057,im114_r,im114_r,0,0,0,,,,0.0,0,0,0,0,1,0,0,0,aborted,
327,1379.37836,1382.39688,3.0185200000000805,im114_r,im114_r,0,0,0,,,,0.0,0,0,0,0,1,0,0,0,aborted,
328,1383.131,1387.81827,4.687269999999899,im114_r,im114_r,0,0,0,,,,0.0,0,0,0,0,1,0,0,0,aborted,
329,1388.38543,1390.72084,2.3354099999999107,im114_r,im114_r,0,0,0,,,,0.0,0,0,0,0,1,0,0,0,aborted,
330,1391.38829,1393.65637,2.268079999999827,im114_r,im114_r,0,0,0,,,,0.0,0,0,0,0,1,0,0,0,aborted,
331,1394.39038,1397.37605,2.9856700000000274,im114_r,im114_r,0,0,0,,,,0.0,0,0,0,0,1,0,0,0,aborted,
332,1397.39134,1397.74284,0.35149999999998727,im114_r,im114_r,0,0,0,,,,0.0,0,0,0,0,1,0,0,0,aborted,
333,1398.14365,1406.15062,8.00696999999991,im114_r,im034_r,1,1,0,1401.89701,1402.33078,1402.33078,0.003,1,0,0,0,0,0,1,1,hit,0.433770000000095
334,1406.39895,1408.73565,2.3367000000000644,im034_r,im034_r,0,0,0,,,,0.0,0,0,0,0,1,0,0,0,aborted,
335,1409.403,1412.35524,2.9522400000000744,im034_r,im034_r,0,0,0,,,,0.0,0,0,0,0,1,0,0,0,aborted,
336,1412.40537,1416.99247,4.587099999999964,im034_r,im034_r,0,0,0,,,,0.0,0,0,0,0,1,0,0,0,aborted,
337,1417.65996,1419.84478,2.184819999999945,im034_r,im034_r,0,0,0,,,,0.0,0,0,0,0,1,0,0,0,aborted,
338,1419.9115,1422.86389,2.9523900000001504,im034_r,im034_r,0,0,0,,,,0.0,0,0,0,0,1,0,0,0,aborted,
339,1422.91404,1425.84987,2.9358299999998962,im034_r,im034_r,0,0,0,,,,0.0,0,0,0,0,1,0,0,0,aborted,
340,1425.91518,1434.70741,8.792230000000018,im034_r,im034_r,0,0,1,1430.42051,1433.87145,,0.0,0,0,0,1,0,0,0,1,correct_rejection,3.4509400000001733
341,1434.92275,1442.93107,8.00832000000014,im034_r,im024_r,1,1,0,1438.67764,1439.34551,1439.34551,0.003,1,0,0,0,0,0,1,1,hit,0.6678699999999935
342,1443.17995,1446.46714,3.2871900000000096,im024_r,im024_r,0,0,0,,,,0.0,0,0,0,0,1,0,0,0,aborted,
343,1446.93429,1450.6039,3.669610000000148,im024_r,im024_r,0,0,0,,,,0.0,0,0,0,0,1,0,0,0,aborted,
344,1450.68723,1460.19543,9.508199999999988,im024_r,im087_r,1,1,0,1455.9422,1456.39281,1456.39281,0.003,1,0,0,0,0,0,1,1,hit,0.450610000000097
345,1460.44401,1468.38591,7.941900000000032,im087_r,im087_r,0,0,0,,,,0.0,0,0,0,0,1,0,0,0,aborted,
346,1468.70238,1473.32303,4.620650000000069,im087_r,im087_r,0,0,0,,,,0.0,0,0,0,0,1,0,0,0,aborted,
347,1473.9572,1479.51173,5.554529999999886,im087_r,im087_r,0,0,0,,,,0.0,0,0,0,0,1,0,0,0,aborted,
348,1479.9785,1485.41655,5.438049999999976,im087_r,im087_r,0,0,0,,,,0.0,0,0,0,0,1,0,0,0,aborted,
349,1485.98352,1490.72093,4.737409999999954,im087_r,im087_r,0,0,0,,,,0.0,0,0,0,0,1,0,0,0,aborted,
350,1491.23797,1493.77326,2.535290000000032,im087_r,im087_r,0,0,0,,,,0.0,0,0,0,0,1,0,0,0,aborted,
351,1494.23932,1501.51344,7.274120000000039,im087_r,im024_r,1,1,0,1497.24328,1499.15933,,0.0,0,1,0,0,0,0,0,0,miss,1.916050000000041
352,1501.74522,1502.44732,0.7020999999999731,im024_r,im024_r,0,0,0,,,,0.0,0,0,0,0,1,0,0,0,aborted,
353,1502.49727,1505.43325,2.9359799999999723,im024_r,im024_r,0,0,0,,,,0.0,0,0,0,0,1,0,0,0,aborted,
354,1505.49969,1510.5874,5.087709999999788,im024_r,im024_r,0,0,0,,,,0.0,0,0,0,0,1,0,0,0,aborted,
355,1510.7543,1521.79684,11.042539999999917,im024_r,im005_r,1,1,0,1517.52718,1517.92775,1517.92775,0.003,1,0,0,0,0,0,1,1,hit,0.4005700000000161
356,1522.02911,1523.34817,1.3190600000000359,im005_r,im005_r,0,0,0,,,,0.0,0,0,0,0,1,0,0,0,aborted,
357,1523.53172,1526.50071,2.968990000000076,im005_r,im005_r,0,0,0,,,,0.0,0,0,0,0,1,0,0,0,aborted,
358,1526.53396,1529.58671,3.05275000000006,im005_r,im005_r,0,0,0,,,,0.0,0,0,0,0,1,0,0,0,aborted,
359,1530.28745,1533.18944,2.901990000000069,im005_r,im005_r,0,0,0,,,,0.0,0,0,0,0,1,0,0,0,aborted,
360,1533.28987,1542.08066,8.790790000000015,im005_r,im114_r,1,1,0,1537.7939,1538.41109,1538.41109,0.003,1,0,0,0,0,0,1,1,hit,0.6171900000001642
361,1542.29576,1551.82196,9.526200000000017,im114_r,im087_r,1,1,0,1547.55208,1547.91926,1547.91926,0.003,1,0,0,0,0,0,1,1,hit,0.3671799999999621
362,1552.07355,1552.389,0.3154499999998279,im087_r,im087_r,0,0,0,,,,0.0,0,0,0,0,1,0,0,0,aborted,
363,1552.82271,1555.72528,2.902570000000196,im087_r,im087_r,0,0,0,,,,0.0,0,0,0,0,1,0,0,0,aborted,
364,1555.82506,1563.84865,8.023590000000013,im087_r,im005_r,1,1,0,1559.57894,1559.94607,1559.94607,0.003,1,0,0,0,0,0,1,1,hit,0.36712999999986096
365,1564.08072,1568.13543,4.054710000000114,im005_r,im005_r,0,0,0,,,,0.0,0,0,0,0,1,0,0,0,aborted,
366,1568.58611,1577.36007,8.773959999999988,im005_r,im034_r,1,1,0,1573.09019,1573.50708,1573.50708,0.003,1,0,0,0,0,0,1,1,hit,0.41689000000019405
367,1577.5922,1580.36223,2.770029999999906,im034_r,im034_r,0,0,0,,,,0.0,0,0,0,0,1,0,0,0,aborted,
368,1580.5962,1583.78192,3.1857199999999466,im034_r,im034_r,0,0,0,,,,0.0,0,0,0,0,1,0,0,0,aborted,
369,1584.34889,1588.2356,3.8867099999999937,im034_r,im034_r,0,0,0,,,,0.0,0,0,0,0,1,0,0,0,aborted,
370,1588.85279,1591.92246,3.0696700000000874,im034_r,im034_r,0,0,0,,,,0.0,0,0,0,0,1,0,0,0,aborted,
371,1592.60619,1600.62967,8.023480000000063,im034_r,im111_r,1,1,0,1596.35938,1598.97608,,0.0,0,1,0,0,0,0,0,0,miss,2.6166999999998097
372,1600.86138,1603.63175,2.770369999999957,im111_r,im111_r,0,0,0,,,,0.0,0,0,0,0,1,0,0,0,aborted,
373,1603.86547,1614.14067,10.27520000000004,im111_r,im111_r,0,0,1,1609.87047,,,0.0,0,0,0,1,0,0,0,1,correct_rejection,
374,1614.37271,1616.35899,1.9862799999998515,im111_r,im111_r,0,0,0,,,,0.0,0,0,0,0,1,0,0,0,aborted,
375,1616.62625,1621.11317,4.486920000000055,im111_r,im111_r,0,0,0,,,,0.0,0,0,0,0,1,0,0,0,aborted,
376,1621.12951,1625.08332,3.953809999999976,im111_r,im111_r,0,0,0,,,,0.0,0,0,0,0,1,0,0,0,aborted,
377,1625.63411,1629.47042,3.8363100000001396,im111_r,im111_r,0,0,0,,,,0.0,0,0,0,0,1,0,0,0,aborted,
378,1630.13736,1633.79026,3.652900000000045,im111_r,im111_r,0,0,0,,,,0.0,0,0,0,0,1,0,0,0,aborted,
379,1633.89034,1642.64822,8.757880000000114,im111_r,im104_r,1,1,0,1638.39456,1638.77868,1638.77868,0.003,1,0,0,0,0,0,1,1,hit,0.38411999999993895
380,1642.89641,1651.67212,8.77570999999989,im104_r,im024_r,1,1,0,1647.40244,1647.81965,1647.81965,0.003,1,0,0,0,0,0,1,1,hit,0.4172099999998409
381,1651.90402,1655.84253,3.938509999999951,im024_r,im024_r,0,0,0,,,,0.0,0,0,0,0,1,0,0,0,aborted,
382,1656.40934,1660.37781,3.968470000000025,im024_r,im024_r,0,0,0,,,,0.0,0,0,0,0,1,0,0,0,aborted,
383,1660.91298,1664.01562,3.1026399999998375,im024_r,im024_r,0,0,0,,,,0.0,0,0,0,0,1,0,0,0,aborted,
384,1664.66643,1673.44028,8.773850000000039,im024_r,im034_r,1,1,0,1669.1704,1669.50401,1669.50401,0.003,1,0,0,0,0,0,1,1,hit,0.3336100000001352
385,1673.67249,1675.30843,1.6359400000001187,im034_r,im034_r,0,0,0,,,,0.0,0,0,0,0,1,0,0,0,aborted,
386,1675.92551,1679.82876,3.903250000000071,im034_r,im034_r,0,0,0,,,,0.0,0,0,0,0,1,0,0,0,aborted,
387,1680.4296,1682.84805,2.418450000000121,im034_r,im034_r,0,0,0,,,,0.0,0,0,0,0,1,0,0,0,aborted,
388,1683.43187,1687.16854,3.7366700000000037,im034_r,im034_r,0,0,0,,,,0.0,0,0,0,0,1,0,0,0,aborted,
389,1687.1848,1692.33937,5.1545699999999215,im034_r,im034_r,0,0,0,,,,0.0,0,0,0,0,1,0,0,0,aborted,
390,1692.43923,1696.09236,3.6531300000001465,im034_r,im034_r,0,0,0,,,,0.0,0,0,0,0,1,0,0,0,aborted,
391,1696.1909,1701.51368,5.322779999999966,im034_r,im034_r,0,0,0,,,,0.0,0,0,0,0,1,0,0,0,aborted,
392,1702.19768,1706.76791,4.570230000000038,im034_r,im034_r,0,0,0,,,,0.0,0,0,0,0,1,0,0,0,aborted,
393,1707.45216,1710.67146,3.2192999999999756,im034_r,im034_r,0,0,0,,,,0.0,0,0,0,0,1,0,0,0,aborted,
394,1711.20506,1721.51381,10.308749999999918,im034_r,im114_r,1,1,0,1717.22722,1717.66103,1717.66103,0.003,1,0,0,0,0,0,1,1,hit,0.43380999999999403
395,1721.72891,1725.05007,3.3211599999999635,im114_r,im114_r,0,0,0,,,,0.0,0,0,0,0,1,0,0,0,aborted,
396,1725.48404,1730.8549,5.370859999999993,im114_r,im114_r,0,0,0,,,,0.0,0,0,0,0,1,0,0,0,aborted,
397,1731.48866,1735.15837,3.669710000000123,im114_r,im114_r,0,0,0,,,,0.0,0,0,0,0,1,0,0,0,aborted,
398,1735.24198,1737.49524,2.2532599999999547,im114_r,im114_r,0,0,0,,,,0.0,0,0,0,0,1,0,0,0,aborted,
399,1737.49524,1742.88183,5.386590000000069,im114_r,im114_r,0,0,0,,,,0.0,0,0,0,0,1,0,0,0,aborted,
400,1743.49906,1748.71997,5.2209100000000035,im114_r,im114_r,0,0,0,,,,0.0,0,0,0,0,1,0,0,0,aborted,
401,1748.75151,1756.02586,7.274349999999913,im114_r,im083_r,1,1,0,1751.75593,1752.17318,1752.17318,0.003,1,0,0,0,0,0,1,1,hit,0.41724999999996726
402,1756.25778,1760.29642,4.038639999999987,im083_r,im083_r,0,0,0,,,,0.0,0,0,0,0,1,0,0,0,aborted,
403,1760.76333,1768.78653,8.023200000000088,im083_r,im104_r,1,1,0,1764.51656,1764.90063,1764.90063,0.003,1,0,0,0,0,0,1,1,hit,0.3840700000000652
404,1769.01845,1773.72403,4.7055800000000545,im104_r,im104_r,0,0,0,,,,0.0,0,0,0,0,1,0,0,0,aborted,
405,1774.27456,1783.04847,8.773909999999887,im104_r,im083_r,1,1,0,1778.77837,1779.1626,1779.1626,0.003,1,0,0,0,0,0,1,1,hit,0.384230000000116
406,1783.28017,1790.55474,7.27457000000004,im083_r,im111_r,1,1,0,1786.28485,1786.68509,1786.68509,0.003,1,0,0,0,0,0,1,1,hit,0.40023999999993976
407,1790.78696,1793.80765,3.0206900000000587,im111_r,im111_r,0,0,0,,,,0.0,0,0,0,0,1,0,0,0,aborted,
408,1794.54134,1798.46124,3.919900000000098,im111_r,im111_r,0,0,0,,,,0.0,0,0,0,0,1,0,0,0,aborted,
409,1799.04538,1803.8658,4.820420000000013,im111_r,im111_r,0,0,0,,,,0.0,0,0,0,0,1,0,0,0,aborted,
410,1804.29952,1813.07356,8.774040000000014,im111_r,im114_r,1,1,0,1808.80388,1809.20452,1809.20452,0.003,1,0,0,0,0,0,1,1,hit,0.4006400000000667
411,1813.30551,1820.56326,7.257749999999987,im114_r,im104_r,1,1,0,1816.30983,1816.677,1816.677,0.003,1,0,0,0,0,0,1,1,hit,0.36716999999998734
412,1820.81184,1824.568,3.756159999999909,im104_r,im104_r,0,0,0,,,,0.0,0,0,0,0,1,0,0,0,aborted,
413,1824.568,1827.96909,3.4010900000000674,im104_r,im104_r,0,0,0,,,,0.0,0,0,0,0,1,0,0,0,aborted,
414,1828.3194,1836.34296,8.023559999999861,im104_r,im034_r,1,1,0,1832.07293,1832.42356,1832.42356,0.003,1,0,0,0,0,0,1,1,hit,0.35062999999991007
415,1836.57493,1843.86578,7.290850000000091,im034_r,im083_r,1,1,0,1839.59595,1839.99627,1839.99627,0.003,1,0,0,0,0,0,1,1,hit,0.4003200000001925
416,1844.09812,1846.48501,2.386889999999994,im083_r,im083_r,0,0,0,,,,0.0,0,0,0,0,1,0,0,0,aborted,
417,1847.10223,1848.50302,1.4007900000001428,im083_r,im083_r,0,0,0,,,,0.0,0,0,0,0,1,0,0,0,aborted,
418,1848.60334,1859.62908,11.025740000000042,im083_r,im024_r,1,1,0,1855.37367,1855.74303,1855.74303,0.003,1,0,0,0,0,0,1,1,hit,0.36936000000014246
419,1859.86101,1863.49917,3.6381599999999708,im024_r,im024_r,0,0,0,,,,0.0,0,0,0,0,1,0,0,0,aborted,
420,1863.61576,1865.05,1.4342400000000453,im024_r,im024_r,0,0,0,,,,0.0,0,0,0,0,1,0,0,0,aborted,
421,1865.11673,1866.6197,1.5029700000000048,im024_r,im024_r,0,0,0,,,,0.0,0,0,0,0,1,0,0,0,aborted,
422,1866.6197,1867.90254,1.2828400000000784,im024_r,im024_r,0,0,0,,,,0.0,0,0,0,0,1,0,0,0,aborted,
423,1868.11927,1870.17099,2.0517200000001594,im024_r,im024_r,0,0,0,,,,0.0,0,0,0,0,1,0,0,0,aborted,
424,1870.37129,1873.45725,3.0859599999998863,im024_r,im024_r,0,0,0,,,,0.0,0,0,0,0,1,0,0,0,aborted,
425,1874.12304,1874.508,0.3849600000000919,im024_r,im024_r,0,0,0,,,,0.0,0,0,0,0,1,0,0,0,aborted,
426,1874.87541,1875.84278,0.9673699999998462,im024_r,im024_r,0,0,0,,,,0.0,0,0,0,0,1,0,0,0,aborted,
427,1876.37623,1877.34379,0.9675599999998212,im024_r,im024_r,0,0,0,,,,0.0,0,0,0,0,1,0,0,0,aborted,
428,1877.87757,1878.56169,0.6841199999998935,im024_r,im024_r,0,0,0,,,,0.0,0,0,0,0,1,0,0,0,aborted,
429,1878.62812,1878.97834,0.35021999999980835,im024_r,im024_r,0,0,0,,,,0.0,0,0,0,0,1,0,0,0,aborted,
430,1879.37925,1880.02915,0.649900000000116,im024_r,im024_r,0,0,0,,,,0.0,0,0,0,0,1,0,0,0,aborted,
431,1880.12796,1881.24737,1.1194100000000162,im024_r,im024_r,0,0,0,,,,0.0,0,0,0,0,1,0,0,0,aborted,
432,1881.63068,1883.01526,1.3845799999999144,im024_r,im024_r,0,0,0,,,,0.0,0,0,0,0,1,0,0,0,aborted,
433,1883.13181,1883.76575,0.6339399999999387,im024_r,im024_r,0,0,0,,,,0.0,0,0,0,0,1,0,0,0,aborted,
434,1883.8824,1884.4498,0.5674000000001342,im024_r,im024_r,0,0,0,,,,0.0,0,0,0,0,1,0,0,0,aborted,
435,1884.63314,1885.35035,0.7172100000000228,im024_r,im024_r,0,0,0,,,,0.0,0,0,0,0,1,0,0,0,aborted,
436,1885.3838,1886.05125,0.667449999999917,im024_r,im024_r,0,0,0,,,,0.0,0,0,0,0,1,0,0,0,aborted,
437,1886.13301,1887.0186,0.8855900000000929,im024_r,im024_r,0,0,0,,,,0.0,0,0,0,0,1,0,0,0,aborted,
438,1887.63594,1887.98585,0.3499100000001363,im024_r,im024_r,0,0,0,,,,0.0,0,0,0,0,1,0,0,0,aborted,
439,1888.3862,1888.73665,0.35045000000013715,im024_r,im024_r,0,0,0,,,,0.0,0,0,0,0,1,0,0,0,aborted,
440,1889.13684,1890.23786,1.1010200000000623,im024_r,im024_r,0,0,0,,,,0.0,0,0,0,0,1,0,0,0,aborted,
441,1890.64096,1890.95517,0.31421000000000276,im024_r,im024_r,0,0,0,,,,0.0,0,0,0,0,1,0,0,0,aborted,
442,1891.3889,1892.45636,1.0674599999999828,im024_r,im024_r,0,0,0,,,,0.0,0,0,0,0,1,0,0,0,aborted,
443,1892.88864,1893.60734,0.7187000000001262,im024_r,im024_r,0,0,0,,,,0.0,0,0,0,0,1,0,0,0,aborted,
444,1893.64046,1895.1437,1.5032400000000052,im024_r,im024_r,0,0,0,,,,0.0,0,0,0,0,1,0,0,0,aborted,
445,1895.1437,1895.77567,0.6319699999999102,im024_r,im024_r,0,0,0,,,,0.0,0,0,0,0,1,0,0,0,aborted,
446,1895.8954,1896.2098,0.3143999999999778,im024_r,im024_r,0,0,0,,,,0.0,0,0,0,0,1,0,0,0,aborted,
447,1896.64316,1897.26081,0.6176499999999123,im024_r,im024_r,0,0,0,,,,0.0,0,0,0,0,1,0,0,0,aborted,
448,1897.39381,1899.2455,1.8516899999999623,im024_r,im024_r,0,0,0,,,,0.0,0,0,0,0,1,0,0,0,aborted,
449,1899.64433,1900.47976,0.8354299999998602,im024_r,im024_r,0,0,0,,,,0.0,0,0,0,0,1,0,0,0,aborted,
450,1901.14712,1902.03103,0.8839100000000144,im024_r,im024_r,0,0,0,,,,0.0,0,0,0,0,1,0,0,0,aborted,
451,1902.65092,1903.48226,0.8313399999999547,im024_r,im024_r,0,0,0,,,,0.0,0,0,0,0,1,0,0,0,aborted,
452,1904.14949,1904.75,0.6005099999999857,im024_r,im024_r,0,0,0,,,,0.0,0,0,0,0,1,0,0,0,aborted,
453,1904.90041,1907.43559,2.535180000000082,im024_r,im024_r,0,0,0,,,,0.0,0,0,0,0,1,0,0,0,aborted,
454,1907.90287,1908.40295,0.5000800000000254,im024_r,im024_r,0,0,0,,,,0.0,0,0,0,0,1,0,0,0,aborted,
455,1908.65172,1909.52067,0.8689500000000407,im024_r,im024_r,0,0,0,,,,0.0,0,0,0,0,1,0,0,0,aborted,
456,1910.15462,1913.2737,3.11907999999994,im024_r,im024_r,0,0,0,,,,0.0,0,0,0,0,1,0,0,0,aborted,
457,1913.90752,1916.393,2.4854800000000523,im024_r,im024_r,0,0,0,,,,0.0,0,0,0,0,1,0,0,0,aborted,
458,1916.91034,1922.69824,5.787900000000036,im024_r,im024_r,0,0,0,,,,0.0,0,0,0,0,1,0,0,0,aborted,
459,1922.91531,1933.20722,10.291909999999916,im024_r,im083_r,1,1,0,1928.9374,1929.27141,1929.27141,0.003,1,0,0,0,0,0,1,1,hit,0.3340100000000348
460,1933.4392,1938.44496,5.005760000000009,im083_r,im083_r,0,0,0,,,,0.0,0,0,0,0,1,0,0,0,aborted,
461,1938.69493,1940.36364,1.668709999999919,im083_r,im083_r,0,0,0,,,,0.0,0,0,0,0,1,0,0,0,aborted,
462,1940.94686,1949.72136,8.774499999999989,im083_r,im087_r,1,1,0,1945.45101,1945.53219,1946.18515,0.003,1,0,0,0,0,0,1,1,hit,0.08117999999990388
463,1949.95294,1951.52254,1.5696000000000367,im087_r,im087_r,0,0,0,,,,0.0,0,0,0,0,1,0,0,0,aborted,
464,1952.20683,1955.40911,3.2022799999999734,im087_r,im087_r,0,0,0,,,,0.0,0,0,0,0,1,0,0,0,aborted,
465,1955.95946,1961.41403,5.454569999999876,im087_r,im087_r,0,0,0,,,,0.0,0,0,0,0,1,0,0,0,aborted,
466,1961.96472,1965.26772,3.303000000000111,im087_r,im087_r,0,0,0,,,,0.0,0,0,0,0,1,0,0,0,aborted,
467,1965.73418,1970.43818,4.704000000000178,im087_r,im087_r,0,0,0,,,,0.0,0,0,0,0,1,0,0,0,aborted,
468,1970.98863,1975.55923,4.570600000000013,im087_r,im087_r,0,0,0,,,,0.0,0,0,0,0,1,0,0,0,aborted,
469,1976.24188,1987.26901,11.027129999999943,im087_r,im114_r,1,1,0,1982.99945,1983.38294,1983.38294,0.003,1,0,0,0,0,0,1,1,hit,0.38348999999993794
470,1987.50113,1994.77561,7.274479999999812,im114_r,im111_r,1,1,0,1990.50535,1990.88934,1990.88934,0.003,1,0,0,0,0,0,1,1,hit,0.3839900000000398
471,1995.00723,1997.3607,2.3534700000000157,im111_r,im111_r,0,0,0,,,,0.0,0,0,0,0,1,0,0,0,aborted,
472,1998.01117,2005.28421,7.273040000000037,im111_r,im083_r,1,1,0,2001.01409,2001.63142,2001.63142,0.003,1,0,0,0,0,0,1,1,hit,0.6173300000000381
473,2005.516,2009.55433,4.03832999999986,im083_r,im083_r,0,0,0,,,,0.0,0,0,0,0,1,0,0,0,aborted,
474,2010.02123,2014.09132,4.0700899999999365,im083_r,im083_r,0,0,0,,,,0.0,0,0,0,0,1,0,0,0,aborted,
475,2014.52509,2027.06889,12.54379999999992,im083_r,im114_r,1,1,0,2022.78241,2023.11605,2023.11605,0.003,1,0,0,0,0,0,1,1,hit,0.33364000000005944
476,2027.2842,2029.68788,2.403679999999895,im114_r,im114_r,0,0,0,,,,0.0,0,0,0,0,1,0,0,0,aborted,
477,2030.2885,2034.30825,4.019749999999931,im114_r,im114_r,0,0,0,,,,0.0,0,0,0,0,1,0,0,0,aborted,
478,2034.79233,2035.77625,0.9839199999998982,im114_r,im114_r,0,0,0,,,,0.0,0,0,0,0,1,0,0,0,aborted,
479,2036.29326,2040.2635,3.9702400000001035,im114_r,im114_r,0,0,0,,,,0.0,0,0,0,0,1,0,0,0,aborted,
480,2040.79707,2049.5711,8.774030000000039,im114_r,im114_r,0,0,1,2045.3007,2047.90114,,0.0,0,0,0,1,0,0,0,1,correct_rejection,2.600439999999935
481,2049.803,2060.07993,10.276929999999993,im114_r,im005_r,1,1,0,2055.81019,2056.31072,2056.31072,0.003,1,0,0,0,0,0,1,1,hit,0.5005299999997987
482,2060.31212,2063.43246,3.120339999999942,im005_r,im005_r,0,0,0,,,,0.0,0,0,0,0,1,0,0,0,aborted,
483,2064.06676,2066.23522,2.168459999999868,im005_r,im005_r,0,0,0,,,,0.0,0,0,0,0,1,0,0,0,aborted,
484,2066.31802,2070.00494,3.6869199999996454,im005_r,im005_r,0,0,0,,,,0.0,0,0,0,0,1,0,0,0,aborted,
485,2070.07143,2075.70962,5.638190000000122,im005_r,im005_r,0,0,0,,,,0.0,0,0,0,0,1,0,0,0,aborted,
486,2076.07636,2085.60118,9.52482000000009,im005_r,im024_r,1,1,0,2081.33146,2081.69835,2081.69835,0.003,1,0,0,0,0,0,1,1,hit,0.3668900000002395
487,2085.83348,2088.2203,2.3868200000001707,im024_r,im024_r,0,0,0,,,,0.0,0,0,0,0,1,0,0,0,aborted,
488,2088.83738,2097.61131,8.773929999999837,im024_r,im111_r,1,1,0,2093.34146,2093.72498,2093.72498,0.003,1,0,0,0,0,0,1,1,hit,0.3835199999998622
489,2097.84315,2099.24576,1.4026099999996404,im111_r,im111_r,0,0,0,,,,0.0,0,0,0,0,1,0,0,0,aborted,
490,2099.34612,2101.96474,2.618619999999737,im111_r,im111_r,0,0,0,,,,0.0,0,0,0,0,1,0,0,0,aborted,
491,2102.34828,2108.77052,6.422239999999874,im111_r,im111_r,0,0,0,,,,0.0,0,0,0,0,1,0,0,0,aborted,
492,2109.10411,2120.1303,11.026189999999588,im111_r,im005_r,1,1,0,2115.86021,,,0.0,0,1,0,0,0,0,0,0,miss,
493,2120.36201,2128.4036,8.04159000000027,im005_r,im005_r,0,0,1,2124.1166,,,0.0,0,0,0,1,0,0,0,1,correct_rejection,
494,2128.61884,2137.39478,8.775939999999991,im005_r,im111_r,1,1,0,2133.1244,2133.59174,2133.59174,0.003,1,0,0,0,0,0,1,1,hit,0.46733999999969456
495,2137.62648,2141.53108,3.9046000000003005,im111_r,im111_r,0,0,0,,,,0.0,0,0,0,0,1,0,0,0,aborted,
496,2142.13172,2151.65642,9.524699999999939,im111_r,im034_r,1,1,0,2147.38643,2147.75372,2147.75372,0.003,1,0,0,0,0,0,1,1,hit,0.3672900000001391
497,2151.88863,2154.4421,2.5534700000002886,im034_r,im034_r,0,0,0,,,,0.0,0,0,0,0,1,0,0,0,aborted,
498,2154.89244,2156.86055,1.9681099999997969,im034_r,im034_r,0,0,0,,,,0.0,0,0,0,0,1,0,0,0,aborted,
499,2157.14422,2157.99488,0.8506600000000617,im034_r,im034_r,0,0,0,,,,0.0,0,0,0,0,1,0,0,0,aborted,
500,2158.64526,2161.69785,3.0525900000002366,im034_r,im034_r,0,0,0,,,,0.0,0,0,0,0,1,0,0,0,aborted,
501,2162.39861,2162.73203,0.33341999999993277,im034_r,im034_r,0,0,0,,,,0.0,0,0,0,0,1,0,0,0,aborted,
502,2163.14935,2164.48361,1.3342600000000857,im034_r,im034_r,0,0,0,,,,0.0,0,0,0,0,1,0,0,0,aborted,
503,2164.64895,2166.80211,2.153160000000298,im034_r,im034_r,0,0,0,,,,0.0,0,0,0,0,1,0,0,0,aborted,
504,2166.9024,2169.28767,2.3852700000002187,im034_r,im034_r,0,0,0,,,,0.0,0,0,0,0,1,0,0,0,aborted,
505,2169.90511,2173.69121,3.7860999999998057,im034_r,im034_r,0,0,0,,,,0.0,0,0,0,0,1,0,0,0,aborted,
506,2174.40903,2177.62811,3.2190800000003037,im034_r,im034_r,0,0,0,,,,0.0,0,0,0,0,1,0,0,0,aborted,
507,2178.16165,2181.81454,3.652889999999843,im034_r,im034_r,0,0,0,,,,0.0,0,0,0,0,1,0,0,0,aborted,
508,2181.91457,2184.83386,2.9192900000002737,im034_r,im034_r,0,0,0,,,,0.0,0,0,0,0,1,0,0,0,aborted,
509,2184.91611,2188.15351,3.2373999999999796,im034_r,im034_r,0,0,0,,,,0.0,0,0,0,0,1,0,0,0,aborted,
510,2188.67053,2193.87503,5.20450000000028,im034_r,im034_r,0,0,0,,,,0.0,0,0,0,0,1,0,0,0,aborted,
511,2193.92512,2200.24691,6.3217899999999645,im034_r,im034_r,0,0,0,,,,0.0,0,0,0,0,1,0,0,0,aborted,
512,2200.68063,2205.5348,4.854170000000067,im034_r,im034_r,0,0,0,,,,0.0,0,0,0,0,1,0,0,0,aborted,
513,2205.9349,2216.21043,10.27552999999989,im034_r,im087_r,1,1,0,2211.94042,2212.35773,2212.35773,0.003,1,0,0,0,0,0,1,1,hit,0.4173100000002705
514,2216.44253,2226.71939,10.276860000000397,im087_r,im034_r,1,1,0,2222.44923,2222.783,2222.783,0.003,1,0,0,0,0,0,1,1,hit,0.3337699999997312
515,2226.95098,2230.63875,3.6877700000000004,im034_r,im034_r,0,0,0,,,,0.0,0,0,0,0,1,0,0,0,aborted,
516,2230.70561,2235.40979,4.7041800000001786,im034_r,im034_r,0,0,0,,,,0.0,0,0,0,0,1,0,0,0,aborted,
517,2235.9767,2242.1489,6.172199999999975,im034_r,im034_r,0,0,0,,,,0.0,0,0,0,0,1,0,0,0,aborted,
518,2242.73268,2254.50898,11.776299999999992,im034_r,im005_r,1,1,0,2250.23917,2250.57272,2250.57272,0.003,1,0,0,0,0,0,1,1,hit,0.3335500000002867
519,2254.74091,2258.86263,4.121720000000096,im005_r,im005_r,0,0,0,,,,0.0,0,0,0,0,1,0,0,0,aborted,
520,2259.24619,2264.71732,5.4711300000003575,im005_r,im005_r,0,0,0,,,,0.0,0,0,0,0,1,0,0,0,aborted,
521,2265.25137,2270.75608,5.504710000000159,im005_r,im005_r,0,0,0,,,,0.0,0,0,0,0,1,0,0,0,aborted,
522,2271.25597,2280.79759,9.541619999999966,im005_r,im087_r,1,1,0,2276.51094,2276.91134,2276.91134,0.003,1,0,0,0,0,0,1,1,hit,0.40039999999999054
523,2281.01272,2283.28292,2.2701999999999316,im087_r,im087_r,0,0,0,,,,0.0,0,0,0,0,1,0,0,0,aborted,
524,2284.01673,2284.36721,0.3504800000000614,im087_r,im087_r,0,0,0,,,,0.0,0,0,0,0,1,0,0,0,aborted,
525,2284.76739,2285.80163,1.0342399999999543,im087_r,im087_r,0,0,0,,,,0.0,0,0,0,0,1,0,0,0,aborted,
526,2286.26866,2289.5714,3.3027399999996305,im087_r,im087_r,0,0,0,,,,0.0,0,0,0,0,1,0,0,0,aborted,
527,2290.02212,2298.79606,8.773940000000039,im087_r,im111_r,1,1,0,2294.52618,2294.91016,2294.91016,0.003,1,0,0,0,0,0,1,1,hit,0.38398000000006505
528,2299.02782,2303.31617,4.288350000000264,im111_r,im111_r,0,0,0,,,,0.0,0,0,0,0,1,0,0,0,aborted,
529,2303.53321,2307.53648,4.003270000000157,im111_r,im111_r,0,0,0,,,,0.0,0,0,0,0,1,0,0,0,aborted,
530,2308.0536,2312.20719,4.153589999999895,im111_r,im111_r,0,0,0,,,,0.0,0,0,0,0,1,0,0,0,aborted,
531,2312.55752,2321.33132,8.773799999999937,im111_r,im087_r,1,1,0,2317.06176,2317.41249,2317.41249,0.003,1,0,0,0,0,0,1,1,hit,0.35073000000011234
532,2321.56336,2323.31623,1.7528699999998025,im087_r,im087_r,0,0,0,,,,0.0,0,0,0,0,1,0,0,0,aborted,
533,2323.81689,2326.78567,2.9687800000001516,im087_r,im087_r,0,0,0,,,,0.0,0,0,0,0,1,0,0,0,aborted,
534,2326.83572,2327.55343,0.7177099999998973,im087_r,im087_r,0,0,0,,,,0.0,0,0,0,0,1,0,0,0,aborted,
535,2327.58636,2329.28785,1.7014900000003763,im087_r,im087_r,0,0,0,,,,0.0,0,0,0,0,1,0,0,0,aborted,
536,2329.83848,2332.07387,2.2353900000002795,im087_r,im087_r,0,0,0,,,,0.0,0,0,0,0,1,0,0,0,aborted,
537,2332.09011,2335.91017,3.8200600000000122,im087_r,im087_r,0,0,0,,,,0.0,0,0,0,0,1,0,0,0,aborted,
538,2336.59259,2343.86689,7.2742999999995845,im087_r,im087_r,0,0,1,2339.59644,2340.08008,,0.0,0,0,1,0,0,0,1,0,false_alarm,0.48364000000037777
539,2344.09918,2345.03441,0.9352300000000469,im087_r,im087_r,0,0,0,,,,0.0,0,0,0,0,1,0,0,0,aborted,
540,2345.60156,2353.62507,8.023509999999987,im087_r,im104_r,1,1,0,2349.35524,2349.77265,2349.77265,0.003,1,0,0,0,0,0,1,1,hit,0.41741000000001804
541,2353.85707,2361.11474,7.257669999999962,im104_r,im005_r,1,1,0,2356.86126,2357.22839,2357.22839,0.003,1,0,0,0,0,0,1,1,hit,0.36713000000008833
542,2361.37995,2364.06704,2.6870899999998983,im005_r,im005_r,0,0,0,,,,0.0,0,0,0,0,1,0,0,0,aborted,
543,2364.3839,2373.15822,8.774319999999989,im005_r,im087_r,1,1,0,2368.88785,2369.30505,2369.30505,0.003,1,0,0,0,0,0,1,1,hit,0.4171999999998661
544,2373.38998,2376.56086,3.1708800000001247,im087_r,im087_r,0,0,0,,,,0.0,0,0,0,0,1,0,0,0,aborted,
545,2377.14464,2388.92123,11.776589999999942,im087_r,im104_r,1,1,0,2384.65169,2385.15179,2385.15179,0.003,1,0,0,0,0,0,1,1,hit,0.5000999999997475
546,2389.15315,2394.92616,5.773009999999886,im104_r,im104_r,0,0,0,,,,0.0,0,0,0,0,1,0,0,0,aborted,
547,2395.15964,2405.4518,10.292159999999967,im104_r,im083_r,1,1,0,2401.16538,2401.5322,2401.5322,0.003,1,0,0,0,0,0,1,1,hit,0.3668200000001889
548,2405.66682,2414.42598,8.759160000000065,im083_r,im024_r,1,1,0,2410.17282,2410.60643,2410.60643,0.003,1,0,0,0,0,0,1,1,hit,0.43361000000004424
549,2414.69116,2424.21752,9.526360000000295,im024_r,im005_r,1,1,0,2419.94728,2420.33115,2420.33115,0.003,1,0,0,0,0,0,1,1,hit,0.3838700000001154
550,2424.44923,2431.72388,7.274649999999838,im005_r,im034_r,1,1,0,2427.45356,2427.85413,2427.85413,0.003,1,0,0,0,0,0,1,1,hit,0.40057000000024345
551,2431.95552,2435.09299,3.137470000000121,im034_r,im034_r,0,0,0,,,,0.0,0,0,0,0,1,0,0,0,aborted,
552,2435.71033,2444.4843,8.77397000000019,im034_r,im111_r,1,1,0,2440.21423,2440.63155,2440.63155,0.003,1,0,0,0,0,0,1,1,hit,0.4173200000000179
553,2444.7163,2451.99055,7.274249999999938,im111_r,im024_r,1,1,0,2447.72064,2448.05459,2448.05459,0.003,1,0,0,0,0,0,1,1,hit,0.33395000000018626
554,2452.22251,2460.24766,8.02514999999994,im024_r,im083_r,1,1,0,2455.97752,2456.31118,2456.31118,0.003,1,0,0,0,0,0,1,1,hit,0.3336600000002363
555,2460.47942,2465.85205,5.372629999999845,im083_r,im083_r,0,0,0,,,,0.0,0,0,0,0,1,0,0,0,aborted,
556,2466.48597,2470.85637,4.3703999999997905,im083_r,im083_r,0,0,0,,,,0.0,0,0,0,0,1,0,0,0,aborted,
557,2470.98962,2476.47763,5.488010000000031,im083_r,im083_r,0,0,0,,,,0.0,0,0,0,0,1,0,0,0,aborted,
558,2476.99486,2488.77126,11.776400000000194,im083_r,im114_r,1,1,0,2484.50136,2484.9351,2484.9351,0.003,1,0,0,0,0,0,1,1,hit,0.4337399999999434
559,2489.00317,2492.15738,3.1542100000001483,im114_r,im114_r,0,0,0,,,,0.0,0,0,0,0,1,0,0,0,aborted,
560,2492.75792,2501.53192,8.773999999999887,im114_r,im034_r,1,1,0,2497.26209,2497.64591,2497.64591,0.003,1,0,0,0,0,0,1,1,hit,0.38382000000001426
561,2501.76396,2502.1994,0.43543999999974403,im034_r,im034_r,0,0,0,,,,0.0,0,0,0,0,1,0,0,0,aborted,
562,2502.516,2507.07033,4.554329999999936,im034_r,im034_r,0,0,0,,,,0.0,0,0,0,0,1,0,0,0,aborted,
563,2507.77034,2518.04573,10.275389999999788,im034_r,im024_r,1,1,0,2513.77578,2514.12626,2514.12626,0.003,1,0,0,0,0,0,1,1,hit,0.3504800000000614
564,2518.28041,2518.72975,0.4493400000001202,im024_r,im024_r,0,0,0,,,,0.0,0,0,0,0,1,0,0,0,aborted,
565,2519.02973,2528.55449,9.524759999999787,im024_r,im111_r,1,1,0,2524.28445,2524.63513,2524.63513,0.003,1,0,0,0,0,0,1,1,hit,0.3506800000000112
566,2528.78648,2532.27416,3.4876799999997274,im111_r,im111_r,0,0,0,,,,0.0,0,0,0,0,1,0,0,0,aborted,
567,2532.54124,2543.56708,11.02583999999979,im111_r,im005_r,1,1,0,2539.29712,2539.66436,2539.66436,0.003,1,0,0,0,0,0,1,1,hit,0.367240000000038
568,2543.79902,2545.31859,1.5195699999999306,im005_r,im005_r,0,0,0,,,,0.0,0,0,0,0,1,0,0,0,aborted,
569,2546.05267,2546.81968,0.7670100000000275,im005_r,im005_r,0,0,0,,,,0.0,0,0,0,0,1,0,0,0,aborted,
570,2547.55366,2549.70529,2.151629999999841,im005_r,im005_r,0,0,0,,,,0.0,0,0,0,0,1,0,0,0,aborted,
571,2549.8057,2550.22243,0.4167299999999159,im005_r,im005_r,0,0,0,,,,0.0,0,0,0,0,1,0,0,0,aborted,
572,2550.55604,2550.92293,0.3668900000002395,im005_r,im005_r,0,0,0,,,,0.0,0,0,0,0,1,0,0,0,aborted,
573,2551.30676,2552.35773,1.050970000000234,im005_r,im005_r,0,0,0,,,,0.0,0,0,0,0,1,0,0,0,aborted,
574,2552.8065,2553.37516,0.5686599999999089,im005_r,im005_r,0,0,0,,,,0.0,0,0,0,0,1,0,0,0,aborted,
575,2553.56126,2553.87565,0.31439000000000306,im005_r,im005_r,0,0,0,,,,0.0,0,0,0,0,1,0,0,0,aborted,
576,2554.30927,2555.17649,0.8672199999996337,im005_r,im005_r,0,0,0,,,,0.0,0,0,0,0,1,0,0,0,aborted,
577,2555.81062,2558.06254,2.2519199999997,im005_r,im005_r,0,0,0,,,,0.0,0,0,0,0,1,0,0,0,aborted,
578,2558.07894,2558.79626,0.7173200000001998,im005_r,im005_r,0,0,0,,,,0.0,0,0,0,0,1,0,0,0,aborted,
579,2558.82955,2566.11926,7.289710000000014,im005_r,im104_r,1,1,0,2561.83254,2562.19974,2562.19974,0.003,1,0,0,0,0,0,1,1,hit,0.36720000000013897
580,2566.33474,2569.6053,3.270560000000387,im104_r,im104_r,0,0,0,,,,0.0,0,0,0,0,1,0,0,0,aborted,
581,2570.08906,2577.36211,7.273050000000239,im104_r,im034_r,1,1,0,2573.09203,2573.44292,2573.44292,0.003,1,0,0,0,0,0,1,1,hit,0.3508900000001631
582,2577.59383,2582.13242,4.538590000000113,im034_r,im034_r,0,0,0,,,,0.0,0,0,0,0,1,0,0,0,aborted,
583,2582.84992,2594.64333,11.793409999999767,im034_r,im034_r,0,0,1,2590.35602,2594.70779,,0.0,0,0,0,1,0,0,0,1,correct_rejection,4.35176999999976
584,2594.85821,2595.37698,0.5187700000001314,im034_r,im034_r,0,0,0,,,,0.0,0,0,0,0,1,0,0,0,aborted,
585,2595.61037,2602.89986,7.289490000000114,im034_r,im083_r,1,1,0,2598.61324,,,0.0,0,1,0,0,0,0,0,0,miss,
586,2603.11556,2604.10078,0.9852200000000266,im083_r,im083_r,0,0,0,,,,0.0,0,0,0,0,1,0,0,0,aborted,
587,2604.618,2608.58835,3.970350000000053,im083_r,im083_r,0,0,0,,,,0.0,0,0,0,0,1,0,0,0,aborted,
588,2609.12179,2617.16181,8.040019999999913,im083_r,im083_r,0,0,1,2612.89161,,,0.0,0,0,0,1,0,0,0,1,correct_rejection,
589,2617.39375,2625.41878,8.025029999999788,im083_r,im087_r,1,1,0,2621.14876,,,0.0,0,1,0,0,0,0,0,0,miss,
590,2625.65063,2631.39034,5.739709999999832,im087_r,im087_r,0,0,0,,,,0.0,0,0,0,0,1,0,0,0,aborted,
591,2631.65731,2641.18191,9.524599999999737,im087_r,im111_r,1,1,0,2636.91235,2637.29603,2637.29603,0.003,1,0,0,0,0,0,1,1,hit,0.383679999999913
592,2641.41378,2648.68832,7.274540000000343,im111_r,im034_r,1,1,0,2644.41823,2644.81864,2644.81864,0.003,1,0,0,0,0,0,1,1,hit,0.4004099999997379
593,2648.92013,2656.21135,7.291220000000067,im034_r,im087_r,1,1,0,2651.92444,2653.77389,,0.0,0,1,0,0,0,0,0,0,miss,1.8494500000001608
594,2656.42664,2664.43471,8.008069999999861,im087_r,im024_r,1,1,0,2660.18128,2663.04818,,0.0,0,1,0,0,0,0,0,0,miss,2.866899999999987
595,2664.68297,2671.95761,7.27464000000009,im024_r,im114_r,1,1,0,2667.68761,2668.07135,2668.07135,0.003,1,0,0,0,0,0,1,1,hit,0.38374000000021624
596,2672.18979,2674.00923,1.8194400000002133,im114_r,im114_r,0,0,0,,,,0.0,0,0,0,0,1,0,0,0,aborted,
597,2674.4429,2677.36201,2.9191099999998187,im114_r,im114_r,0,0,0,,,,0.0,0,0,0,0,1,0,0,0,aborted,
598,2677.44515,2686.9702,9.525050000000192,im114_r,im114_r,0,0,1,2682.69996,,,0.0,0,0,0,1,0,0,0,1,correct_rejection,
599,2687.20215,2689.88919,2.687039999999797,im114_r,im114_r,0,0,0,,,,0.0,0,0,0,0,1,0,0,0,aborted,
600,2690.206,2697.47916,7.273159999999734,im114_r,im024_r,1,1,0,2693.20923,2693.62613,2693.62613,0.003,1,0,0,0,0,0,1,1,hit,0.4169000000001688
601,2697.71085,2704.98535,7.274499999999989,im024_r,im104_r,1,1,0,2700.71515,2701.1662,2701.1662,0.003,1,0,0,0,0,0,1,1,hit,0.45105000000012296
602,2705.21711,2710.77331,5.55619999999999,im104_r,im104_r,0,0,0,,,,0.0,0,0,0,0,1,0,0,0,aborted,
603,2711.22385,2721.48233,10.258479999999963,im104_r,im114_r,1,1,0,2717.22927,2717.62983,2717.62983,0.003,1,0,0,0,0,0,1,1,hit,0.4005600000000413
604,2721.73086,2729.75608,8.02521999999999,im114_r,im111_r,1,1,0,2725.4858,2725.86979,2725.86979,0.003,1,0,0,0,0,0,1,1,hit,0.3839900000002672
605,2729.98817,2737.99626,8.008089999999811,im111_r,im111_r,0,0,1,2733.74234,,,0.0,0,0,0,1,0,0,0,1,correct_rejection,
606,2738.24476,2747.78765,9.54289000000017,im111_r,im083_r,1,1,0,2743.50146,2743.88472,2743.88472,0.003,1,0,0,0,0,0,1,1,hit,0.3832600000000639
607,2748.00287,2753.54262,5.539750000000367,im083_r,im083_r,0,0,0,,,,0.0,0,0,0,0,1,0,0,0,aborted,
608,2754.00937,2754.8605,0.8511299999995572,im083_r,im083_r,0,0,0,,,,0.0,0,0,0,0,1,0,0,0,aborted,
609,2755.51074,2756.51145,1.000709999999799,im083_r,im083_r,0,0,0,,,,0.0,0,0,0,0,1,0,0,0,aborted,
610,2757.01205,2760.39794,3.3858900000000176,im083_r,im083_r,0,0,0,,,,0.0,0,0,0,0,1,0,0,0,aborted,
611,2760.76498,2770.29013,9.52514999999994,im083_r,im005_r,1,1,0,2766.01979,2766.42025,2766.42025,0.003,1,0,0,0,0,0,1,1,hit,0.4004600000002938
612,2770.52168,2780.04799,9.526310000000194,im005_r,im005_r,0,0,1,2775.77762,,,0.0,0,0,0,1,0,0,0,1,correct_rejection,
613,2780.2801,2787.55414,7.274040000000241,im005_r,im024_r,1,1,0,2783.28414,2783.76799,2783.76799,0.003,1,0,0,0,0,0,1,1,hit,0.4838499999996202
614,2787.78623,2795.81099,8.024759999999787,im024_r,im024_r,0,0,1,2791.54064,,,0.0,0,0,0,1,0,0,0,1,correct_rejection,
615,2796.04333,2805.56953,9.526200000000244,im024_r,im087_r,1,1,0,2801.29965,,,0.0,0,1,0,0,0,0,0,0,miss,
616,2805.80113,2816.07806,10.276929999999993,im087_r,im087_r,0,0,1,2811.80806,,,0.0,0,0,0,1,0,0,0,1,correct_rejection,
617,2816.30992,2823.58419,7.274269999999888,im087_r,im034_r,1,1,0,2819.31416,,,0.0,0,1,0,0,0,0,0,0,miss,
618,2823.81655,2831.09047,7.273920000000089,im034_r,im114_r,1,1,0,2826.82043,2827.20502,2827.20502,0.003,1,0,0,0,0,0,1,1,hit,0.3845899999996618
619,2831.32288,2831.70745,0.3845699999997123,im114_r,im114_r,0,0,0,,,,0.0,0,0,0,0,1,0,0,0,aborted,
620,2832.07447,2840.84879,8.774319999999989,im114_r,im083_r,1,1,0,2836.57862,2836.9792,2836.9792,0.003,1,0,0,0,0,0,1,1,hit,0.4005800000004456
621,2841.08086,2848.35498,7.274120000000039,im083_r,im104_r,1,1,0,2844.08495,,,0.0,0,1,0,0,0,0,0,0,miss,
622,2848.58688,2856.62855,8.041670000000067,im104_r,im104_r,0,0,1,2852.34156,,,0.0,0,0,0,1,0,0,0,1,correct_rejection,
623,2856.84376,2858.04613,1.2023699999999735,im104_r,im104_r,0,0,0,,,,0.0,0,0,0,0,1,0,0,0,aborted,
624,2858.34668,2866.37012,8.023439999999937,im104_r,im024_r,1,1,0,2862.10009,,,0.0,0,1,0,0,0,0,0,0,miss,
625,2866.602,2873.89304,7.291040000000066,im024_r,im034_r,1,1,0,2869.60617,2870.04015,2870.04015,0.003,1,0,0,0,0,0,1,1,hit,0.4339799999997922
626,2874.10815,2881.38246,7.274309999999787,im034_r,im005_r,1,1,0,2877.11284,2881.14704,,0.0,0,1,0,0,0,0,0,0,miss,4.034200000000055
627,2881.61441,2888.8887,7.274289999999837,im005_r,im111_r,1,1,0,2884.61885,,,0.0,0,1,0,0,0,0,0,0,miss,
628,2889.12103,2897.89648,8.775450000000092,im111_r,im114_r,1,1,0,2893.62636,2893.97681,2893.97681,0.003,1,0,0,0,0,0,1,1,hit,0.3504499999999098
629,2898.12832,2905.40255,7.274229999999989,im114_r,im087_r,1,1,0,2901.13248,2905.21717,,0.0,0,1,0,0,0,0,0,0,miss,4.084689999999682
630,2905.63449,2913.65965,8.025160000000142,im087_r,im114_r,1,1,0,2909.38934,2913.65965,,0.0,0,1,0,0,0,0,0,0,miss,4.270309999999881
631,2913.89174,2915.32742,1.4356800000000476,im114_r,im114_r,0,0,0,,,,0.0,0,0,0,0,1,0,0,0,aborted,
632,2915.3941,2917.32909,1.934990000000198,im114_r,im114_r,0,0,0,,,,0.0,0,0,0,0,1,0,0,0,aborted,
633,2917.64608,2918.5137,0.8676199999999881,im114_r,im114_r,0,0,0,,,,0.0,0,0,0,0,1,0,0,0,aborted,
634,2919.164,2922.43337,3.269369999999981,im114_r,im114_r,0,0,0,,,,0.0,0,0,0,0,1,0,0,0,aborted,
635,2922.91718,2932.44196,9.524780000000192,im114_r,im005_r,1,1,0,2928.17204,2928.57251,2928.57251,0.003,1,0,0,0,0,0,1,1,hit,0.4004700000000412
636,2932.67402,2944.45183,11.777810000000045,im005_r,im083_r,1,1,0,2940.18193,2940.61609,2940.61609,0.003,1,0,0,0,0,0,1,1,hit,0.4341599999997925
637,2944.68409,2951.95833,7.274239999999736,im083_r,im034_r,1,1,0,2947.68816,2948.08891,2948.08891,0.003,1,0,0,0,0,0,1,1,hit,0.400749999999789
638,2952.19006,2961.73305,9.542989999999918,im034_r,im104_r,1,1,0,2957.46318,,,0.0,0,1,0,0,0,0,0,0,miss,
639,2961.96498,2962.91711,0.95212999999967,im104_r,im104_r,0,0,0,,,,0.0,0,0,0,0,1,0,0,0,aborted,
640,2963.46768,2970.74033,7.272649999999885,im104_r,im111_r,1,1,0,2966.47037,,,0.0,0,1,0,0,0,0,0,0,miss,
641,2970.97251,2982.76776,11.795250000000124,im111_r,im087_r,1,1,0,2978.48062,,,0.0,0,1,0,0,0,0,0,0,miss,
642,2982.98238,2993.24292,10.26054000000022,im087_r,im083_r,1,1,0,2988.98939,,,0.0,0,1,0,0,0,0,0,0,miss,
643,2993.49154,3001.51641,8.024870000000192,im083_r,im111_r,1,1,0,2997.2464,,,0.0,0,1,0,0,0,0,0,0,miss,
644,3001.74821,3009.00579,7.257579999999962,im111_r,im104_r,1,1,0,3004.75231,,,0.0,0,1,0,0,0,0,0,0,miss,
645,3009.27136,3016.56191,7.290549999999712,im104_r,im087_r,1,1,0,3012.27553,,,0.0,0,1,0,0,0,0,0,0,miss,
646,3016.77729,3024.78579,8.008499999999913,im087_r,im005_r,1,1,0,3020.53236,,,0.0,0,1,0,0,0,0,0,0,miss,
647,3025.03432,3034.5604,9.526079999999638,im005_r,im114_r,1,1,0,3030.29056,,,0.0,0,1,0,0,0,0,0,0,miss,
648,3034.79244,3042.06663,7.274189999999635,im114_r,im104_r,1,1,0,3037.79674,,,0.0,0,1,0,0,0,0,0,0,miss,
649,3042.29867,3048.32173,6.023059999999987,im104_r,im104_r,0,0,0,,,,0.0,0,0,0,0,1,0,0,0,aborted,
650,3049.05601,3059.33131,10.275300000000243,im104_r,im024_r,1,1,0,3055.06134,3055.51181,3055.51181,0.003,1,0,0,0,0,0,1,1,hit,0.45046999999976833
651,3059.56325,3067.58796,8.024709999999686,im024_r,im005_r,1,1,0,3063.31794,,,0.0,0,1,0,0,0,0,0,0,miss,
652,3067.82034,3077.34631,9.525969999999688,im005_r,im024_r,1,1,0,3073.07615,,,0.0,0,1,0,0,0,0,0,0,miss,
653,3077.57814,3085.60326,8.025119999999788,im024_r,im087_r,1,1,0,3081.33311,,,0.0,0,1,0,0,0,0,0,0,miss,
654,3085.835,3095.36129,9.52628999999979,im087_r,im005_r,1,1,0,3091.09142,,,0.0,0,1,0,0,0,0,0,0,miss,
655,3095.59347,3104.36908,8.775610000000142,im005_r,im005_r,0,0,1,3100.0984,,,0.0,0,0,0,1,0,0,0,1,correct_rejection,
656,3104.60072,3111.87532,7.274600000000191,im005_r,im087_r,1,1,0,3107.60491,,,0.0,0,1,0,0,0,0,0,0,miss,
657,3112.10708,3119.36457,7.257489999999962,im087_r,im083_r,1,1,0,3115.11168,,,0.0,0,1,0,0,0,0,0,0,miss,
658,3119.6132,3129.13967,9.526470000000245,im083_r,im034_r,1,1,0,3124.86949,3125.33711,3125.33711,0.003,1,0,0,0,0,0,1,1,hit,0.4676199999998971
659,3129.37136,3137.38001,8.008649999999761,im034_r,im104_r,1,1,0,3133.12641,,,0.0,0,1,0,0,0,0,0,0,miss,
660,3137.6283,3144.9193,7.291000000000167,im104_r,im111_r,1,1,0,3140.63264,3141.0834,3141.0834,0.003,1,0,0,0,0,0,1,1,hit,0.450760000000173
661,3145.13457,3152.39235,7.2577799999999115,im111_r,im111_r,0,0,1,3148.13856,,,0.0,0,0,0,1,0,0,0,1,correct_rejection,
662,3152.6412,3162.93432,10.293119999999817,im111_r,im005_r,1,1,0,3158.64817,,,0.0,0,1,0,0,0,0,0,0,miss,
663,3163.14985,3170.4243,7.274450000000343,im005_r,im114_r,1,1,0,3166.15399,3166.60439,3166.60439,0.003,1,0,0,0,0,0,1,1,hit,0.45040000000017244
664,3170.65583,3180.18196,9.526129999999739,im114_r,im024_r,1,1,0,3175.91213,3176.42941,3176.42941,0.003,1,0,0,0,0,0,1,1,hit,0.5172800000000279
665,3180.41405,3189.17286,8.758810000000267,im024_r,im034_r,1,1,0,3184.91964,,,0.0,0,1,0,0,0,0,0,0,miss,
666,3189.43827,3196.71239,7.274120000000039,im034_r,im034_r,0,0,1,3192.44226,3194.60888,,0.0,0,0,0,1,0,0,0,1,correct_rejection,2.166620000000421
667,3196.94483,3200.6659,3.7210700000000543,im034_r,im034_r,0,0,0,,,,0.0,0,0,0,0,1,0,0,0,aborted,
668,3200.69913,3201.29969,0.6005599999998594,im034_r,im034_r,0,0,0,,,,0.0,0,0,0,0,1,0,0,0,aborted,
669,3201.44988,3202.74914,1.2992599999997765,im034_r,im034_r,0,0,0,,,,0.0,0,0,0,0,1,0,0,0,aborted,
670,3202.95131,3203.98551,1.0342000000000553,im034_r,im034_r,0,0,0,,,,0.0,0,0,0,0,1,0,0,0,aborted,
671,3204.45256,3205.06962,0.6170600000000377,im034_r,im034_r,0,0,0,,,,0.0,0,0,0,0,1,0,0,0,aborted,
672,3205.20324,3205.92038,0.7171400000001995,im034_r,im034_r,0,0,0,,,,0.0,0,0,0,0,1,0,0,0,aborted,
673,3205.9522,3207.755,1.8027999999999338,im034_r,im034_r,0,0,0,,,,0.0,0,0,0,0,1,0,0,0,aborted,
674,3208.20547,3208.5557,0.3502300000000105,im034_r,im034_r,0,0,0,,,,0.0,0,0,0,0,1,0,0,0,aborted,
675,3208.95634,3209.40635,0.4500100000000202,im034_r,im034_r,0,0,0,,,,0.0,0,0,0,0,1,0,0,0,aborted,
676,3209.70658,3210.39059,0.6840099999999438,im034_r,im034_r,0,0,0,,,,0.0,0,0,0,0,1,0,0,0,aborted,
677,3210.45987,3210.77418,0.3143099999997503,im034_r,im034_r,0,0,0,,,,0.0,0,0,0,0,1,0,0,0,aborted,
678,3211.20793,3212.00877,0.8008399999998801,im034_r,im034_r,0,0,0,,,,0.0,0,0,0,0,1,0,0,0,aborted,
679,3212.70783,3225.21989,12.51206000000002,im034_r,im024_r,1,1,0,3220.96679,,,0.0,0,1,0,0,0,0,0,0,miss,
680,3225.46864,3234.99454,9.525900000000092,im024_r,im111_r,1,1,0,3230.72491,3231.2921,3231.2921,0.003,1,0,0,0,0,0,1,1,hit,0.5671900000002097
681,3235.22646,3243.23501,8.008550000000014,im111_r,im034_r,1,1,0,3238.98171,,,0.0,0,1,0,0,0,0,0,0,miss,
682,3243.50016,3246.47069,2.9705300000000534,im034_r,im034_r,0,0,0,,,,0.0,0,0,0,0,1,0,0,0,aborted,
683,3246.50426,3253.77686,7.272599999999784,im034_r,im005_r,1,1,0,3249.50701,,,0.0,0,1,0,0,0,0,0,0,miss,
684,3254.00879,3262.76782,8.759030000000166,im005_r,im034_r,1,1,0,3258.51441,,,0.0,0,1,0,0,0,0,0,0,miss,
685,3263.01629,3271.04141,8.025119999999788,im034_r,im111_r,1,1,0,3266.77133,,,0.0,0,1,0,0,0,0,0,0,miss,
686,3271.27318,3278.53092,7.2577400000000125,im111_r,im114_r,1,1,0,3274.27761,,,0.0,0,1,0,0,0,0,0,0,miss,
687,3278.79622,3288.32264,9.526419999999689,im114_r,im083_r,1,1,0,3284.05245,,,0.0,0,1,0,0,0,0,0,0,miss,
688,3288.55459,3295.8121,7.257509999999911,im083_r,im005_r,1,1,0,3291.55899,,,0.0,0,1,0,0,0,0,0,0,miss,
689,3296.06067,3307.08846,11.027790000000095,im005_r,im083_r,1,1,0,3302.81809,,,0.0,0,1,0,0,0,0,0,0,miss,
690,3307.31997,3314.57779,7.2578199999998105,im083_r,im104_r,1,1,0,3310.32434,,,0.0,0,1,0,0,0,0,0,0,miss,
691,3314.82629,3322.868,8.041709999999966,im104_r,im114_r,1,1,0,3318.5812,,,0.0,0,1,0,0,0,0,0,0,miss,
692,3323.08323,3331.84218,8.758949999999913,im114_r,im005_r,1,1,0,3327.5892,,,0.0,0,1,0,0,0,0,0,0,miss,
693,3332.09106,3339.36518,7.274119999999584,im005_r,im111_r,1,1,0,3335.09505,,,0.0,0,1,0,0,0,0,0,0,miss,
694,3339.59703,3347.62199,8.024960000000192,im111_r,im083_r,1,1,0,3343.35192,,,0.0,0,1,0,0,0,0,0,0,miss,
695,3347.85389,3355.14491,7.291020000000117,im083_r,im083_r,0,0,1,3350.8747,,,0.0,0,0,0,1,0,0,0,1,correct_rejection,
696,3355.37681,3363.40182,8.025009999999838,im083_r,im024_r,1,1,0,3359.13181,,,0.0,0,1,0,0,0,0,0,0,miss,
697,3363.63402,3371.65881,8.024789999999939,im024_r,im083_r,1,1,0,3367.38864,,,0.0,0,1,0,0,0,0,0,0,miss,
698,3371.89058,3379.91545,8.024869999999737,im083_r,im114_r,1,1,0,3375.6459,,,0.0,0,1,0,0,0,0,0,0,miss,
699,3380.14779,3387.42182,7.274030000000039,im114_r,im114_r,0,0,1,3383.15153,,,0.0,0,0,0,1,0,0,0,1,correct_rejection,
700,3387.65386,3398.68137,11.027509999999893,im114_r,im034_r,1,1,0,3394.41138,,,0.0,0,1,0,0,0,0,0,0,miss,
701,3398.91346,3406.93812,8.024659999999585,im034_r,im087_r,1,1,0,3402.6681,,,0.0,0,1,0,0,0,0,0,0,miss,
702,3407.1704,3417.44703,10.276629999999841,im087_r,im087_r,0,0,1,3413.17672,,,0.0,0,0,0,1,0,0,0,1,correct_rejection,
703,3417.67887,3426.45453,8.775659999999789,im087_r,im034_r,1,1,0,3422.18465,,,0.0,0,1,0,0,0,0,0,0,miss,
704,3426.68645,3435.462,8.77554999999984,im034_r,im114_r,1,1,0,3431.19196,,,0.0,0,1,0,0,0,0,0,0,miss,
705,3435.69388,3443.73564,8.041760000000068,im114_r,im111_r,1,1,0,3439.46569,,,0.0,0,1,0,0,0,0,0,0,miss,
706,3443.96786,3451.24212,7.2742599999996855,im111_r,im104_r,1,1,0,3446.97197,,,0.0,0,1,0,0,0,0,0,0,miss,
707,3451.47378,3458.74832,7.274540000000343,im104_r,im087_r,1,1,0,3454.478,,,0.0,0,1,0,0,0,0,0,0,miss,
708,3458.98031,3467.7557,8.775390000000243,im087_r,im111_r,1,1,0,3463.48553,,,0.0,0,1,0,0,0,0,0,0,miss,
709,3467.98755,3476.76328,8.775730000000294,im111_r,im024_r,1,1,0,3472.49355,,,0.0,0,1,0,0,0,0,0,0,miss,
710,3476.99542,3484.26937,7.273949999999786,im024_r,im104_r,1,1,0,3479.99947,,,0.0,0,1,0,0,0,0,0,0,miss,
711,3484.50158,3492.50986,8.008280000000013,im104_r,im083_r,1,1,0,3488.25616,,,0.0,0,1,0,0,0,0,0,0,miss,
712,3492.75831,3503.80257,11.044259999999667,im083_r,im111_r,1,1,0,3499.51614,,,0.0,0,1,0,0,0,0,0,0,miss,
713,3504.01793,3513.52724,9.509309999999914,im111_r,im087_r,1,1,0,3509.27394,,,0.0,0,1,0,0,0,0,0,0,miss,
714,3513.77579,3522.55135,8.775560000000041,im087_r,im104_r,1,1,0,3518.28128,,,0.0,0,1,0,0,0,0,0,0,miss,
715,3522.78355,3530.79162,8.008069999999861,im104_r,im034_r,1,1,0,3526.53826,,,0.0,0,1,0,0,0,0,0,0,miss,
716,3531.05689,3539.08187,8.024980000000141,im034_r,im083_r,1,1,0,3534.8122,,,0.0,0,1,0,0,0,0,0,0,miss,
717,3539.3138,3548.84002,9.526220000000194,im083_r,im087_r,1,1,0,3544.56998,,,0.0,0,1,0,0,0,0,0,0,miss,
718,3549.07197,3557.11359,8.041619999999966,im087_r,im024_r,1,1,0,3552.82701,,,0.0,0,1,0,0,0,0,0,0,miss,
719,3557.32914,3564.58658,7.257440000000315,im024_r,im024_r,0,0,1,3560.33278,,,0.0,0,0,0,1,0,0,0,1,correct_rejection,
720,3564.83514,3574.37812,9.542979999999716,im024_r,im114_r,1,1,0,3570.09146,,,0.0,0,1,0,0,0,0,0,0,miss,
721,3574.59328,3583.35247,8.759189999999762,im114_r,im087_r,1,1,0,3579.09909,,,0.0,0,1,0,0,0,0,0,0,miss,
722,3583.60077,3593.87764,10.276870000000145,im087_r,im114_r,1,1,0,3589.60774,,,0.0,0,1,0,0,0,0,0,0,miss,
723,3594.10985,3601.3673,7.257450000000063,im114_r,im104_r,1,1,0,3597.1138,,,0.0,0,1,0,0,0,0,0,0,miss,
724,3601.61618,3610.4083,8.792120000000068,im104_r,im005_r,1,1,0,3606.12186,,,0.0,0,1,0,0,0,0,0,0,miss,
725,3610.62352,3617.89774,7.2742199999997865,im005_r,im104_r,1,1,0,3613.62758,,,0.0,0,1,0,0,0,0,0,0,miss,
726,3618.12956,3625.40682,7.277260000000297,im104_r,im104_r,0,0,1,3621.13356,,,0.0,0,0,0,1,0,0,0,1,correct_rejection,
